customer_id,tenure_months,monthly_charges,support_tickets,payment_delays,churn_label
CUST-00001,52,119.41,2,0,0
CUST-00002,15,21.11,3,4,1
CUST-00003,61,93.02,4,2,1
CUST-00004,21,77.18,6,2,1
CUST-00005,24,63.41,5,4,1
CUST-00006,3,32.76,4,1,1
CUST-00007,22,60.91,7,0,1
CUST-00008,53,55.44,0,2,0
CUST-00009,2,50.28,6,4,1
CUST-00010,30,93.09,5,4,1
CUST-00011,38,90.07,4,3,1
CUST-00012,2,78.9,6,4,1
CUST-00013,64,113.87,2,1,0
CUST-00014,60,54.99,0,2,0
CUST-00015,21,44.38,8,3,1
CUST-00016,33,85.59,1,2,1
CUST-00017,58,39.88,9,2,1
CUST-00018,22,51.5,2,1,1
CUST-00019,49,42.46,7,4,1
CUST-00020,59,26.92,9,1,1
CUST-00021,42,102.75,8,4,1
CUST-00022,60,45.45,2,3,1
CUST-00023,15,67.3,5,1,1
CUST-00024,62,24.33,6,1,1
CUST-00025,62,89.93,0,0,0
CUST-00026,47,53.06,6,1,1
CUST-00027,62,94.47,3,0,0
CUST-00028,51,61.24,4,4,1
CUST-00029,55,39.58,7,4,1
CUST-00030,64,71.32,3,4,1
CUST-00031,3,33.05,3,0,1
CUST-00032,51,64.05,7,4,1
CUST-00033,7,51.73,4,2,1
CUST-00034,21,111.2,5,1,1
CUST-00035,39,26.09,4,0,1
CUST-00036,18,89.4,0,4,1
CUST-00037,4,38.28,6,2,1
CUST-00038,60,51.9,5,1,1
CUST-00039,14,61.55,1,1,1
CUST-00040,9,110.8,6,4,1
CUST-00041,53,44.26,5,2,1
CUST-00042,2,29.13,4,0,1
CUST-00043,60,51.87,7,4,1
CUST-00044,71,30.47,4,1,1
CUST-00045,44,32.86,1,1,1
CUST-00046,8,77.39,5,1,1
CUST-00047,47,26.09,0,4,1
CUST-00048,35,23.09,4,3,1
CUST-00049,36,91.44,5,3,1
CUST-00050,50,56.16,6,3,1
CUST-00051,4,32.54,1,2,1
CUST-00052,2,45.36,0,4,1
CUST-00053,6,84.21,5,1,1
CUST-00054,54,47.55,2,2,1
CUST-00055,4,69.45,4,3,1
CUST-00056,54,32.17,1,0,0
CUST-00057,63,78.81,0,2,0
CUST-00058,18,51.61,0,2,1
CUST-00059,44,82.7,3,4,1
CUST-00060,34,100.84,9,2,1
CUST-00061,62,81.16,1,4,1
CUST-00062,14,49.57,0,0,1
CUST-00063,48,45.57,5,1,1
CUST-00064,15,52.74,3,1,1
CUST-00065,62,36.46,9,3,1
CUST-00066,40,38.12,6,3,1
CUST-00067,53,99.07,5,0,1
CUST-00068,24,58.47,4,1,1
CUST-00069,26,63.6,9,3,1
CUST-00070,60,79.4,1,2,0
CUST-00071,41,78.97,4,4,1
CUST-00072,29,26.74,8,3,1
CUST-00073,15,103.15,8,0,1
CUST-00074,45,37.73,1,1,1
CUST-00075,65,92.31,6,0,0
CUST-00076,71,97.27,9,4,1
CUST-00077,9,91.49,3,4,1
CUST-00078,1,77.9,2,0,1
CUST-00079,8,21.46,0,3,1
CUST-00080,63,56.04,2,3,1
CUST-00081,11,80.48,8,1,1
CUST-00082,8,58.75,8,1,1
CUST-00083,35,106.35,6,2,1
CUST-00084,35,50.88,2,2,1
CUST-00085,33,49.35,2,1,1
CUST-00086,5,46.6,3,2,1
CUST-00087,41,53.28,6,0,1
CUST-00088,28,75.74,6,3,1
CUST-00089,7,90.7,1,2,1
CUST-00090,12,86.26,4,2,1
CUST-00091,34,100.77,6,0,1
CUST-00092,33,108.59,6,4,1
CUST-00093,48,101.61,5,1,1
CUST-00094,23,21.89,9,0,1
CUST-00095,62,93.59,9,4,1
CUST-00096,37,40.84,7,0,1
CUST-00097,44,33.29,2,3,1
CUST-00098,35,83.85,0,0,0
CUST-00099,65,51.97,2,0,0
CUST-00100,47,25.71,1,3,1
CUST-00101,3,33.76,1,1,1
CUST-00102,1,20.09,1,4,1
CUST-00103,5,110.32,4,2,1
CUST-00104,14,22.46,0,1,1
CUST-00105,27,40.95,9,0,1
CUST-00106,9,61.63,3,2,1
CUST-00107,15,55.66,9,3,1
CUST-00108,42,111.17,4,1,1
CUST-00109,51,24.03,1,4,1
CUST-00110,63,71.22,4,1,1
CUST-00111,52,88.05,9,1,1
CUST-00112,4,113.17,3,2,1
CUST-00113,23,82.04,7,3,1
CUST-00114,15,100.38,0,3,1
CUST-00115,43,28.37,4,1,1
CUST-00116,29,58.59,9,3,1
CUST-00117,36,57.39,0,2,1
CUST-00118,13,108.63,9,2,1
CUST-00119,32,35.14,9,4,1
CUST-00120,71,35.19,3,3,1
CUST-00121,59,52.86,7,4,1
CUST-00122,28,25.45,0,0,1
CUST-00123,66,38.25,1,2,0
CUST-00124,42,116.52,0,1,0
CUST-00125,45,62.82,6,2,1
CUST-00126,62,83.2,1,0,0
CUST-00127,57,92.61,0,1,0
CUST-00128,6,56.7,5,3,1
CUST-00129,28,34.72,5,3,1
CUST-00130,28,40.66,9,2,1
CUST-00131,44,51.33,1,1,0
CUST-00132,30,83.61,0,1,0
CUST-00133,62,59.83,9,4,1
CUST-00134,62,20.68,2,0,0
CUST-00135,1,72.34,9,3,1
CUST-00136,27,112.15,4,2,1
CUST-00137,62,101.21,5,1,1
CUST-00138,3,102.52,2,3,1
CUST-00139,70,99.51,8,2,1
CUST-00140,27,52.37,4,3,1
CUST-00141,9,96.52,1,2,1
CUST-00142,62,34.32,9,3,1
CUST-00143,37,85.77,5,4,1
CUST-00144,51,84.16,7,0,1
CUST-00145,44,22.56,5,3,1
CUST-00146,24,98.8,3,0,1
CUST-00147,59,110.32,5,3,1
CUST-00148,32,46.74,7,1,1
CUST-00149,52,101.24,7,4,1
CUST-00150,62,28.24,9,4,1
CUST-00151,58,80.0,1,0,0
CUST-00152,52,68.56,7,1,1
CUST-00153,12,74.59,5,2,1
CUST-00154,39,112.62,1,4,1
CUST-00155,2,107.13,0,1,1
CUST-00156,3,98.51,5,1,1
CUST-00157,56,47.37,6,0,1
CUST-00158,59,111.18,9,1,1
CUST-00159,2,29.75,4,1,1
CUST-00160,2,105.33,9,2,1
CUST-00161,54,52.82,7,0,1
CUST-00162,1,25.38,8,0,1
CUST-00163,19,86.94,3,1,1
CUST-00164,2,43.13,6,2,1
CUST-00165,53,44.36,7,3,1
CUST-00166,44,50.6,5,4,1
CUST-00167,32,26.37,1,0,1
CUST-00168,70,37.71,6,2,1
CUST-00169,32,20.51,8,2,1
CUST-00170,68,64.54,4,1,0
CUST-00171,55,28.43,1,4,1
CUST-00172,56,88.27,3,0,0
CUST-00173,17,43.56,2,3,1
CUST-00174,38,114.36,3,1,1
CUST-00175,24,107.13,9,0,1
CUST-00176,69,48.94,6,0,1
CUST-00177,70,98.32,9,2,1
CUST-00178,11,100.32,7,4,1
CUST-00179,16,118.66,0,3,1
CUST-00180,59,79.78,7,4,1
CUST-00181,70,28.2,4,2,1
CUST-00182,3,84.68,6,3,1
CUST-00183,20,82.5,0,3,1
CUST-00184,59,83.84,1,1,0
CUST-00185,36,50.71,0,3,1
CUST-00186,19,105.97,4,0,1
CUST-00187,67,115.95,5,4,1
CUST-00188,19,41.77,9,4,1
CUST-00189,20,28.82,8,1,1
CUST-00190,71,39.45,7,3,1
CUST-00191,52,102.06,6,2,1
CUST-00192,33,87.66,4,0,1
CUST-00193,40,83.6,2,1,1
CUST-00194,39,60.18,8,3,1
CUST-00195,1,77.78,4,2,1
CUST-00196,11,50.79,2,3,1
CUST-00197,57,67.72,2,1,0
CUST-00198,50,99.31,2,2,1
CUST-00199,23,118.12,5,2,1
CUST-00200,31,113.25,0,2,0
CUST-00201,42,113.39,3,2,1
CUST-00202,7,60.22,7,3,1
CUST-00203,16,66.88,2,2,1
CUST-00204,60,90.56,4,3,1
CUST-00205,2,112.22,1,2,1
CUST-00206,1,34.2,1,2,1
CUST-00207,48,50.42,6,1,1
CUST-00208,12,33.92,9,3,1
CUST-00209,69,81.2,2,3,0
CUST-00210,37,50.63,4,4,1
CUST-00211,32,52.61,2,1,1
CUST-00212,9,27.09,5,3,1
CUST-00213,19,54.98,9,1,1
CUST-00214,48,106.25,2,1,0
CUST-00215,3,43.31,7,1,1
CUST-00216,20,89.52,1,0,1
CUST-00217,24,82.96,2,3,1
CUST-00218,54,106.35,7,1,1
CUST-00219,33,33.23,7,0,1
CUST-00220,24,117.76,0,0,0
CUST-00221,36,78.26,7,2,1
CUST-00222,38,119.55,9,2,1
CUST-00223,25,111.15,1,3,1
CUST-00224,18,42.15,6,2,1
CUST-00225,66,25.62,5,3,1
CUST-00226,54,45.56,1,0,0
CUST-00227,35,72.76,4,0,1
CUST-00228,61,37.16,6,3,1
CUST-00229,41,36.75,7,2,1
CUST-00230,33,66.26,2,2,1
CUST-00231,68,23.33,0,3,0
CUST-00232,33,32.19,6,4,1
CUST-00233,14,61.59,4,2,1
CUST-00234,21,26.31,4,1,1
CUST-00235,48,59.68,6,2,1
CUST-00236,20,67.4,0,4,1
CUST-00237,8,65.13,7,0,1
CUST-00238,7,106.92,9,0,1
CUST-00239,67,73.01,4,0,0
CUST-00240,17,66.8,7,2,1
CUST-00241,33,61.07,9,0,1
CUST-00242,48,101.76,9,4,1
CUST-00243,59,109.51,4,4,1
CUST-00244,22,105.32,6,2,1
CUST-00245,30,87.35,9,1,1
CUST-00246,38,33.74,2,2,1
CUST-00247,51,47.69,1,0,0
CUST-00248,54,24.61,5,2,1
CUST-00249,8,113.08,4,4,1
CUST-00250,27,86.08,8,2,1
CUST-00251,27,94.64,9,2,1
CUST-00252,21,51.16,3,1,1
CUST-00253,30,104.57,2,4,1
CUST-00254,28,45.96,8,3,1
CUST-00255,64,20.16,7,3,1
CUST-00256,69,57.64,5,4,1
CUST-00257,61,77.08,0,3,0
CUST-00258,48,67.87,9,0,1
CUST-00259,19,106.21,0,3,1
CUST-00260,4,30.54,5,0,1
CUST-00261,35,75.38,2,4,1
CUST-00262,64,71.3,2,3,1
CUST-00263,49,48.14,5,3,1
CUST-00264,17,102.22,2,0,1
CUST-00265,44,95.28,9,0,1
CUST-00266,30,93.29,5,2,1
CUST-00267,46,107.62,4,1,1
CUST-00268,6,92.28,3,3,1
CUST-00269,37,43.18,7,1,1
CUST-00270,24,90.56,1,1,1
CUST-00271,46,50.77,6,3,1
CUST-00272,53,44.22,3,0,0
CUST-00273,60,27.3,1,2,0
CUST-00274,63,94.4,6,4,1
CUST-00275,32,91.1,0,3,1
CUST-00276,33,43.45,3,3,1
CUST-00277,67,94.94,8,4,1
CUST-00278,18,111.78,3,1,1
CUST-00279,25,30.8,2,2,1
CUST-00280,54,43.26,9,1,1
CUST-00281,58,95.03,9,4,1
CUST-00282,67,47.45,1,4,1
CUST-00283,46,82.47,2,2,1
CUST-00284,24,28.12,0,4,1
CUST-00285,32,65.22,9,4,1
CUST-00286,47,93.91,7,2,1
CUST-00287,23,88.65,0,3,1
CUST-00288,66,101.51,2,1,0
CUST-00289,27,107.75,2,3,1
CUST-00290,2,97.32,1,3,1
CUST-00291,17,87.16,4,1,1
CUST-00292,33,23.17,9,3,1
CUST-00293,9,73.5,2,2,1
CUST-00294,43,23.77,2,1,1
CUST-00295,48,100.81,7,0,1
CUST-00296,39,52.07,3,3,1
CUST-00297,42,76.24,3,4,1
CUST-00298,26,47.94,2,1,1
CUST-00299,50,98.25,0,0,0
CUST-00300,25,108.65,7,4,1
CUST-00301,24,59.86,0,0,0
CUST-00302,13,106.29,6,3,1
CUST-00303,60,46.71,4,4,1
CUST-00304,7,73.47,3,3,1
CUST-00305,57,105.88,3,4,1
CUST-00306,36,52.59,7,1,1
CUST-00307,45,115.4,5,2,1
CUST-00308,20,32.19,0,2,1
CUST-00309,65,21.83,9,0,1
CUST-00310,8,110.41,7,4,1
CUST-00311,16,26.86,1,3,1
CUST-00312,14,119.19,5,1,1
CUST-00313,15,115.14,8,1,1
CUST-00314,66,33.7,0,1,0
CUST-00315,32,73.76,5,2,1
CUST-00316,63,38.49,7,3,1
CUST-00317,51,62.82,9,1,1
CUST-00318,25,26.14,1,1,1
CUST-00319,58,42.39,4,0,1
CUST-00320,63,56.33,5,4,1
CUST-00321,62,63.86,4,4,1
CUST-00322,22,117.75,2,4,1
CUST-00323,58,100.79,3,0,0
CUST-00324,58,93.74,6,2,1
CUST-00325,49,73.7,3,0,0
CUST-00326,52,104.0,8,1,1
CUST-00327,42,53.93,9,3,1
CUST-00328,70,90.89,1,1,0
CUST-00329,15,119.38,4,1,1
CUST-00330,54,51.46,7,3,1
CUST-00331,60,87.4,4,4,1
CUST-00332,8,104.43,9,0,1
CUST-00333,53,111.58,7,2,1
CUST-00334,60,91.79,7,1,1
CUST-00335,5,48.36,8,1,1
CUST-00336,68,52.63,9,2,1
CUST-00337,6,22.08,5,0,1
CUST-00338,47,96.09,3,1,1
CUST-00339,55,24.27,2,2,1
CUST-00340,40,106.47,4,1,1
CUST-00341,52,31.87,5,4,1
CUST-00342,16,37.19,2,4,1
CUST-00343,13,67.65,1,1,1
CUST-00344,30,93.79,6,1,1
CUST-00345,19,33.9,4,4,1
CUST-00346,17,64.01,8,1,1
CUST-00347,63,68.29,2,0,0
CUST-00348,19,41.23,7,0,1
CUST-00349,58,31.56,5,3,1
CUST-00350,55,103.64,3,0,0
CUST-00351,62,70.25,8,1,1
CUST-00352,23,21.44,4,1,1
CUST-00353,9,100.3,9,2,1
CUST-00354,12,118.08,5,0,1
CUST-00355,1,80.59,8,4,1
CUST-00356,58,70.37,6,4,1
CUST-00357,1,107.84,4,3,1
CUST-00358,34,115.25,1,2,1
CUST-00359,48,95.45,3,4,1
CUST-00360,1,64.55,1,3,1
CUST-00361,16,79.22,2,0,1
CUST-00362,61,90.09,9,2,1
CUST-00363,64,39.43,2,2,1
CUST-00364,63,64.72,3,1,0
CUST-00365,69,102.98,5,0,0
CUST-00366,22,85.47,2,2,1
CUST-00367,67,61.12,9,3,1
CUST-00368,26,86.34,0,4,1
CUST-00369,16,31.82,0,0,1
CUST-00370,51,60.15,8,0,1
CUST-00371,57,99.31,8,2,1
CUST-00372,29,42.05,4,2,1
CUST-00373,69,38.6,8,2,1
CUST-00374,47,115.08,6,3,1
CUST-00375,62,40.99,8,1,1
CUST-00376,69,46.09,6,2,1
CUST-00377,16,116.96,8,1,1
CUST-00378,48,93.47,1,1,0
CUST-00379,39,89.96,7,0,1
CUST-00380,33,105.29,6,4,1
CUST-00381,23,31.58,5,4,1
CUST-00382,10,90.6,4,3,1
CUST-00383,69,70.37,3,3,1
CUST-00384,34,102.92,6,4,1
CUST-00385,52,70.81,2,4,1
CUST-00386,10,82.02,7,0,1
CUST-00387,19,67.77,1,0,1
CUST-00388,58,67.82,0,4,1
CUST-00389,1,96.8,1,2,1
CUST-00390,69,82.86,8,2,1
CUST-00391,4,83.33,4,0,1
CUST-00392,16,65.03,7,1,1
CUST-00393,24,73.11,2,4,1
CUST-00394,2,94.57,6,3,1
CUST-00395,32,102.59,1,2,1
CUST-00396,24,89.66,7,1,1
CUST-00397,12,112.41,6,2,1
CUST-00398,50,102.03,4,1,1
CUST-00399,35,76.19,3,4,1
CUST-00400,33,87.14,0,4,1
CUST-00401,33,112.63,4,4,1
CUST-00402,61,81.92,8,0,1
CUST-00403,51,102.48,9,1,1
CUST-00404,43,88.88,3,3,1
CUST-00405,12,75.19,8,3,1
CUST-00406,67,44.18,1,4,1
CUST-00407,65,62.6,3,3,1
CUST-00408,33,116.77,8,2,1
CUST-00409,40,85.78,3,1,1
CUST-00410,43,76.44,4,1,1
CUST-00411,44,113.3,7,1,1
CUST-00412,29,78.65,0,2,1
CUST-00413,13,72.61,0,0,1
CUST-00414,12,95.93,8,2,1
CUST-00415,46,91.27,8,1,1
CUST-00416,2,39.32,3,1,1
CUST-00417,35,67.13,1,1,1
CUST-00418,8,67.25,8,3,1
CUST-00419,26,57.82,3,0,1
CUST-00420,34,71.73,5,2,1
CUST-00421,7,61.31,0,1,1
CUST-00422,68,39.93,8,4,1
CUST-00423,58,61.24,4,0,0
CUST-00424,29,27.23,2,4,1
CUST-00425,36,77.58,3,0,1
CUST-00426,21,105.37,0,1,0
CUST-00427,36,92.53,8,0,1
CUST-00428,10,56.04,7,0,1
CUST-00429,24,28.71,3,1,1
CUST-00430,64,40.21,1,4,1
CUST-00431,49,74.55,8,4,1
CUST-00432,36,40.71,3,3,1
CUST-00433,24,74.4,8,4,1
CUST-00434,23,43.16,9,4,1
CUST-00435,62,104.89,2,0,0
CUST-00436,37,59.73,6,3,1
CUST-00437,12,44.56,6,1,1
CUST-00438,55,101.23,9,1,1
CUST-00439,13,54.28,3,2,1
CUST-00440,23,31.15,1,3,1
CUST-00441,30,77.04,8,0,1
CUST-00442,17,78.16,3,2,1
CUST-00443,62,91.47,7,2,1
CUST-00444,13,44.02,1,1,1
CUST-00445,59,64.38,7,4,1
CUST-00446,19,48.24,9,0,1
CUST-00447,49,28.1,4,3,1
CUST-00448,12,107.66,6,2,1
CUST-00449,61,92.89,6,0,1
CUST-00450,19,50.15,8,1,1
CUST-00451,9,79.94,2,2,1
CUST-00452,71,40.13,9,2,1
CUST-00453,28,109.02,3,1,1
CUST-00454,52,31.49,9,1,1
CUST-00455,16,20.38,3,1,1
CUST-00456,69,70.2,9,0,1
CUST-00457,12,78.31,4,0,1
CUST-00458,25,77.9,5,0,1
CUST-00459,52,25.45,2,4,1
CUST-00460,53,51.4,3,2,1
CUST-00461,23,69.92,2,0,1
CUST-00462,16,41.66,1,4,1
CUST-00463,57,107.26,9,2,1
CUST-00464,39,28.71,8,0,1
CUST-00465,53,68.74,0,1,0
CUST-00466,42,89.14,1,3,1
CUST-00467,58,46.18,7,0,1
CUST-00468,39,82.42,6,3,1
CUST-00469,14,102.94,0,0,0
CUST-00470,5,39.03,4,1,1
CUST-00471,35,111.72,9,3,1
CUST-00472,18,75.36,5,4,1
CUST-00473,9,49.92,4,1,1
CUST-00474,58,63.09,3,3,1
CUST-00475,17,51.22,0,3,1
CUST-00476,7,92.51,6,1,1
CUST-00477,46,99.63,8,1,1
CUST-00478,13,103.29,5,1,1
CUST-00479,40,118.58,2,2,1
CUST-00480,42,99.13,9,4,1
CUST-00481,9,80.14,3,0,1
CUST-00482,50,53.92,9,3,1
CUST-00483,27,74.46,4,0,1
CUST-00484,66,24.11,0,1,0
CUST-00485,5,94.48,4,4,1
CUST-00486,29,64.6,0,4,1
CUST-00487,37,22.0,8,2,1
CUST-00488,38,26.25,6,1,1
CUST-00489,8,58.75,2,3,1
CUST-00490,65,78.34,8,2,1
CUST-00491,17,66.42,1,1,1
CUST-00492,71,81.92,6,2,1
CUST-00493,45,68.03,8,0,1
CUST-00494,4,86.17,5,1,1
CUST-00495,36,41.91,9,3,1
CUST-00496,70,31.28,4,3,1
CUST-00497,31,79.64,6,1,1
CUST-00498,19,68.47,5,2,1
CUST-00499,61,22.69,4,4,1
CUST-00500,54,58.05,1,1,0
CUST-00501,39,30.61,7,3,1
CUST-00502,19,73.14,6,0,1
CUST-00503,39,59.58,5,3,1
CUST-00504,67,81.32,4,4,1
CUST-00505,45,100.56,4,3,1
CUST-00506,13,49.97,8,4,1
CUST-00507,58,116.21,0,1,0
CUST-00508,20,73.56,8,3,1
CUST-00509,61,81.83,5,2,1
CUST-00510,39,88.07,3,2,1
CUST-00511,1,86.67,9,3,1
CUST-00512,3,71.1,6,3,1
CUST-00513,62,62.88,8,0,1
CUST-00514,63,25.38,4,3,1
CUST-00515,25,22.21,4,0,1
CUST-00516,56,55.8,7,0,1
CUST-00517,33,53.37,6,0,1
CUST-00518,38,58.77,7,0,1
CUST-00519,6,33.84,9,1,1
CUST-00520,58,93.82,1,2,0
CUST-00521,44,105.7,8,0,1
CUST-00522,45,113.87,2,2,1
CUST-00523,32,69.24,5,0,1
CUST-00524,45,90.09,5,2,1
CUST-00525,61,105.56,1,3,0
CUST-00526,47,61.83,6,3,1
CUST-00527,21,50.94,8,2,1
CUST-00528,36,113.67,9,0,1
CUST-00529,19,71.57,0,1,1
CUST-00530,20,69.73,7,2,1
CUST-00531,57,37.84,1,4,1
CUST-00532,18,30.82,0,1,1
CUST-00533,47,104.21,7,4,1
CUST-00534,49,81.41,1,2,0
CUST-00535,14,52.58,5,0,1
CUST-00536,15,39.17,5,4,1
CUST-00537,31,75.55,4,2,1
CUST-00538,1,78.39,7,1,1
CUST-00539,54,40.7,2,0,0
CUST-00540,3,105.14,9,4,1
CUST-00541,16,28.43,3,2,1
CUST-00542,57,55.61,6,0,1
CUST-00543,12,88.04,6,0,1
CUST-00544,16,47.41,7,3,1
CUST-00545,24,102.77,1,0,0
CUST-00546,28,93.99,1,2,1
CUST-00547,8,98.9,3,1,1
CUST-00548,36,31.91,9,3,1
CUST-00549,8,34.05,8,2,1
CUST-00550,58,48.65,9,2,1
CUST-00551,60,71.81,8,2,1
CUST-00552,50,94.8,3,4,1
CUST-00553,28,103.65,8,4,1
CUST-00554,41,90.43,2,1,1
CUST-00555,64,112.86,4,2,1
CUST-00556,27,93.87,9,4,1
CUST-00557,63,50.63,8,4,1
CUST-00558,17,46.51,5,4,1
CUST-00559,33,89.62,2,1,1
CUST-00560,29,39.29,9,1,1
CUST-00561,13,29.27,8,2,1
CUST-00562,46,73.22,5,3,1
CUST-00563,35,102.16,3,2,1
CUST-00564,6,30.14,3,4,1
CUST-00565,69,99.19,7,4,1
CUST-00566,47,101.16,6,0,1
CUST-00567,25,68.23,0,2,1
CUST-00568,66,25.73,5,4,1
CUST-00569,10,37.46,7,4,1
CUST-00570,56,90.74,2,3,1
CUST-00571,30,91.18,8,0,1
CUST-00572,5,109.84,9,2,1
CUST-00573,33,78.27,1,1,1
CUST-00574,65,32.41,5,2,1
CUST-00575,18,32.14,0,2,1
CUST-00576,49,92.11,1,3,1
CUST-00577,11,38.38,4,2,1
CUST-00578,26,52.84,0,3,1
CUST-00579,63,68.72,7,3,1
CUST-00580,59,22.48,0,4,1
CUST-00581,27,44.88,8,1,1
CUST-00582,49,60.79,9,3,1
CUST-00583,33,47.96,2,0,1
CUST-00584,1,33.64,1,0,1
CUST-00585,21,92.8,0,1,1
CUST-00586,55,101.31,8,3,1
CUST-00587,6,45.75,3,1,1
CUST-00588,69,97.44,0,4,0
CUST-00589,5,58.56,0,0,1
CUST-00590,3,70.67,6,2,1
CUST-00591,53,105.6,1,0,0
CUST-00592,23,95.0,6,3,1
CUST-00593,53,100.51,6,1,1
CUST-00594,37,33.68,9,0,1
CUST-00595,17,26.97,8,2,1
CUST-00596,1,109.34,6,2,1
CUST-00597,51,58.78,0,1,0
CUST-00598,45,48.79,7,1,1
CUST-00599,4,92.47,7,0,1
CUST-00600,62,103.64,3,3,1
CUST-00601,65,106.25,7,4,1
CUST-00602,32,51.6,3,2,1
CUST-00603,34,105.22,7,1,1
CUST-00604,39,24.09,4,4,1
CUST-00605,26,24.97,3,4,1
CUST-00606,34,82.35,5,4,1
CUST-00607,54,26.31,1,3,1
CUST-00608,3,52.46,1,1,1
CUST-00609,50,87.28,1,2,0
CUST-00610,12,53.73,8,1,1
CUST-00611,65,37.96,9,0,1
CUST-00612,54,48.14,2,2,1
CUST-00613,5,65.76,9,1,1
CUST-00614,57,67.54,3,2,1
CUST-00615,17,98.3,9,0,1
CUST-00616,47,95.02,7,2,1
CUST-00617,23,65.68,3,4,1
CUST-00618,14,104.57,9,3,1
CUST-00619,66,31.42,9,0,1
CUST-00620,51,45.54,6,2,1
CUST-00621,38,102.8,4,0,1
CUST-00622,64,57.8,8,4,1
CUST-00623,38,118.12,3,3,1
CUST-00624,50,66.63,2,0,0
CUST-00625,30,99.19,1,4,1
CUST-00626,51,60.23,0,4,1
CUST-00627,63,62.5,5,4,1
CUST-00628,52,58.29,9,2,1
CUST-00629,38,91.91,1,1,0
CUST-00630,30,74.75,7,0,1
CUST-00631,51,114.38,5,1,1
CUST-00632,5,45.09,4,4,1
CUST-00633,29,30.06,1,1,1
CUST-00634,4,59.33,6,4,1
CUST-00635,10,81.67,1,4,1
CUST-00636,56,106.08,4,3,1
CUST-00637,17,54.62,1,3,1
CUST-00638,17,85.38,9,1,1
CUST-00639,69,55.02,1,0,0
CUST-00640,34,81.72,6,1,1
CUST-00641,6,108.48,8,0,1
CUST-00642,53,43.14,4,1,1
CUST-00643,66,60.42,6,2,1
CUST-00644,43,119.33,3,2,1
CUST-00645,23,106.86,1,0,0
CUST-00646,55,76.46,2,3,1
CUST-00647,16,71.66,1,0,1
CUST-00648,8,48.46,4,1,1
CUST-00649,4,71.72,5,4,1
CUST-00650,4,104.82,6,2,1
CUST-00651,56,88.52,2,4,1
CUST-00652,25,49.0,3,2,1
CUST-00653,67,40.15,7,1,1
CUST-00654,67,46.52,3,2,1
CUST-00655,27,36.98,6,0,1
CUST-00656,32,29.56,5,4,1
CUST-00657,50,61.91,6,4,1
CUST-00658,61,31.33,0,1,0
CUST-00659,51,37.19,2,4,1
CUST-00660,19,74.73,5,1,1
CUST-00661,21,36.46,2,3,1
CUST-00662,5,26.39,6,0,1
CUST-00663,42,51.74,8,2,1
CUST-00664,61,42.03,2,2,1
CUST-00665,22,71.53,0,2,1
CUST-00666,21,30.24,9,3,1
CUST-00667,70,95.18,5,0,0
CUST-00668,1,110.62,0,4,1
CUST-00669,5,94.34,0,4,1
CUST-00670,12,73.28,7,0,1
CUST-00671,46,106.07,8,0,1
CUST-00672,34,89.49,1,2,1
CUST-00673,49,21.06,8,4,1
CUST-00674,45,59.41,4,0,1
CUST-00675,27,105.1,7,4,1
CUST-00676,26,54.59,6,0,1
CUST-00677,47,23.52,6,1,1
CUST-00678,56,94.62,3,2,1
CUST-00679,63,100.2,1,0,0
CUST-00680,48,36.06,4,3,1
CUST-00681,61,73.73,2,0,0
CUST-00682,26,39.2,8,1,1
CUST-00683,36,91.92,5,3,1
CUST-00684,1,47.16,0,3,1
CUST-00685,8,51.62,2,0,1
CUST-00686,52,104.5,3,1,0
CUST-00687,47,67.63,8,3,1
CUST-00688,56,86.98,5,2,1
CUST-00689,14,60.24,3,2,1
CUST-00690,28,49.8,0,4,1
CUST-00691,2,82.55,7,4,1
CUST-00692,26,35.49,1,1,1
CUST-00693,14,57.3,7,3,1
CUST-00694,59,40.9,5,2,1
CUST-00695,56,89.58,7,2,1
CUST-00696,7,114.42,5,1,1
CUST-00697,3,119.55,4,3,1
CUST-00698,23,65.03,4,1,1
CUST-00699,18,45.25,9,0,1
CUST-00700,38,64.28,9,2,1
CUST-00701,15,104.73,7,1,1
CUST-00702,64,40.6,6,1,1
CUST-00703,28,115.21,7,0,1
CUST-00704,39,54.19,7,4,1
CUST-00705,57,118.58,6,2,1
CUST-00706,17,103.86,1,1,1
CUST-00707,44,100.86,8,2,1
CUST-00708,25,51.79,6,4,1
CUST-00709,17,20.88,5,1,1
CUST-00710,13,58.21,8,0,1
CUST-00711,25,50.18,0,2,1
CUST-00712,68,23.74,1,0,0
CUST-00713,10,70.54,0,4,1
CUST-00714,67,60.3,9,4,1
CUST-00715,18,83.46,2,2,1
CUST-00716,34,82.12,4,4,1
CUST-00717,8,32.07,0,3,1
CUST-00718,40,117.7,3,2,1
CUST-00719,42,38.69,7,3,1
CUST-00720,41,64.53,5,4,1
CUST-00721,6,68.81,0,2,1
CUST-00722,52,101.31,0,3,0
CUST-00723,26,29.92,2,4,1
CUST-00724,64,62.86,9,1,1
CUST-00725,59,82.85,7,1,1
CUST-00726,56,41.52,7,0,1
CUST-00727,59,82.75,2,1,0
CUST-00728,70,112.37,6,3,1
CUST-00729,33,119.75,2,1,1
CUST-00730,53,23.25,3,2,1
CUST-00731,22,43.56,8,2,1
CUST-00732,21,51.03,3,2,1
CUST-00733,70,59.91,2,1,0
CUST-00734,70,44.23,4,1,1
CUST-00735,4,40.35,6,0,1
CUST-00736,62,115.46,4,4,1
CUST-00737,62,111.85,3,0,0
CUST-00738,24,24.7,7,3,1
CUST-00739,55,53.88,3,2,1
CUST-00740,9,60.51,1,1,1
CUST-00741,3,43.9,9,4,1
CUST-00742,31,82.89,5,4,1
CUST-00743,40,84.04,1,1,0
CUST-00744,36,105.05,2,0,0
CUST-00745,24,94.09,0,4,1
CUST-00746,6,74.26,4,0,1
CUST-00747,66,85.36,8,1,1
CUST-00748,4,47.4,1,0,1
CUST-00749,6,79.31,6,2,1
CUST-00750,51,68.92,4,1,1
CUST-00751,62,33.33,1,1,0
CUST-00752,57,44.25,7,4,1
CUST-00753,66,49.17,5,4,1
CUST-00754,8,112.43,3,4,1
CUST-00755,26,43.04,3,2,1
CUST-00756,51,48.92,1,2,1
CUST-00757,45,56.94,2,3,1
CUST-00758,44,86.37,6,1,1
CUST-00759,5,31.82,2,4,1
CUST-00760,70,115.39,4,1,0
CUST-00761,26,106.56,9,0,1
CUST-00762,68,77.72,5,2,1
CUST-00763,19,87.4,5,3,1
CUST-00764,20,21.67,3,0,1
CUST-00765,12,53.89,5,1,1
CUST-00766,47,99.57,2,2,1
CUST-00767,1,27.75,6,4,1
CUST-00768,14,48.23,6,0,1
CUST-00769,64,78.53,3,2,1
CUST-00770,38,45.64,1,1,1
CUST-00771,37,113.4,6,1,1
CUST-00772,11,33.11,2,0,1
CUST-00773,3,99.74,0,0,1
CUST-00774,33,70.79,1,0,0
CUST-00775,6,95.03,9,3,1
CUST-00776,50,51.07,8,4,1
CUST-00777,10,71.45,7,2,1
CUST-00778,5,105.68,5,1,1
CUST-00779,23,66.69,5,1,1
CUST-00780,10,55.97,0,4,1
CUST-00781,44,73.62,1,0,0
CUST-00782,2,91.74,3,0,1
CUST-00783,13,64.36,2,1,1
CUST-00784,40,113.89,0,4,1
CUST-00785,2,49.49,7,1,1
CUST-00786,65,67.55,6,0,1
CUST-00787,63,95.69,3,2,0
CUST-00788,17,88.91,8,0,1
CUST-00789,9,106.36,3,2,1
CUST-00790,15,119.68,0,3,1
CUST-00791,24,62.69,9,4,1
CUST-00792,38,31.12,0,3,1
CUST-00793,35,23.04,0,0,0
CUST-00794,49,92.69,0,4,1
CUST-00795,69,107.4,3,0,0
CUST-00796,62,42.07,0,4,1
CUST-00797,60,35.84,1,4,1
CUST-00798,50,26.22,3,0,1
CUST-00799,9,102.27,6,0,1
CUST-00800,34,51.14,1,4,1
CUST-00801,35,60.17,7,4,1
CUST-00802,1,70.28,6,0,1
CUST-00803,40,103.95,8,0,1
CUST-00804,64,85.08,5,1,1
CUST-00805,22,81.51,3,1,1
CUST-00806,60,37.57,5,1,1
CUST-00807,64,71.32,3,3,1
CUST-00808,11,91.54,6,4,1
CUST-00809,14,117.33,8,2,1
CUST-00810,60,40.14,2,3,1
CUST-00811,30,20.95,2,4,1
CUST-00812,35,27.53,1,2,1
CUST-00813,37,57.59,0,1,0
CUST-00814,5,102.05,0,2,1
CUST-00815,26,20.71,2,0,1
CUST-00816,62,65.67,6,0,1
CUST-00817,4,52.92,8,4,1
CUST-00818,42,25.25,1,3,1
CUST-00819,18,65.02,6,1,1
CUST-00820,40,45.47,0,4,1
CUST-00821,39,55.19,1,1,1
CUST-00822,14,90.56,5,0,1
CUST-00823,32,72.16,4,3,1
CUST-00824,51,32.46,7,3,1
CUST-00825,38,116.14,1,0,0
CUST-00826,23,83.59,0,2,1
CUST-00827,63,96.59,6,3,1
CUST-00828,15,27.92,5,2,1
CUST-00829,25,24.71,7,1,1
CUST-00830,17,21.94,7,3,1
CUST-00831,66,38.88,1,0,0
CUST-00832,53,61.44,7,2,1
CUST-00833,51,113.58,5,1,1
CUST-00834,39,65.71,8,1,1
CUST-00835,51,49.03,6,3,1
CUST-00836,70,76.19,1,3,0
CUST-00837,6,31.19,7,4,1
CUST-00838,67,80.95,8,4,1
CUST-00839,7,76.84,6,3,1
CUST-00840,51,99.2,3,4,1
CUST-00841,42,118.67,8,0,1
CUST-00842,64,45.09,3,0,0
CUST-00843,15,70.97,3,4,1
CUST-00844,29,110.89,8,3,1
CUST-00845,33,98.52,7,0,1
CUST-00846,27,68.74,3,1,1
CUST-00847,36,114.54,7,3,1
CUST-00848,29,25.72,7,2,1
CUST-00849,38,113.1,6,2,1
CUST-00850,57,25.05,9,3,1
CUST-00851,27,74.73,5,4,1
CUST-00852,55,109.04,7,0,1
CUST-00853,33,46.27,6,0,1
CUST-00854,68,67.22,4,3,1
CUST-00855,66,52.43,3,1,0
CUST-00856,10,115.21,1,4,1
CUST-00857,5,102.36,7,1,1
CUST-00858,38,90.9,8,3,1
CUST-00859,13,78.76,3,3,1
CUST-00860,31,102.06,3,1,1
CUST-00861,47,59.23,4,2,1
CUST-00862,52,64.76,1,3,1
CUST-00863,56,93.0,6,4,1
CUST-00864,15,55.78,4,1,1
CUST-00865,29,26.39,5,2,1
CUST-00866,8,27.43,3,1,1
CUST-00867,5,31.54,7,2,1
CUST-00868,29,106.97,7,2,1
CUST-00869,47,67.22,4,4,1
CUST-00870,68,91.29,5,3,1
CUST-00871,45,59.29,2,2,1
CUST-00872,2,45.87,0,3,1
CUST-00873,27,54.72,8,4,1
CUST-00874,36,99.42,8,3,1
CUST-00875,36,82.52,2,0,0
CUST-00876,26,113.76,3,2,1
CUST-00877,43,87.97,6,4,1
CUST-00878,27,77.02,1,1,1
CUST-00879,69,81.02,2,4,1
CUST-00880,20,114.24,5,2,1
CUST-00881,11,98.82,7,4,1
CUST-00882,38,22.4,0,1,1
CUST-00883,6,73.41,3,0,1
CUST-00884,23,88.83,0,2,1
CUST-00885,47,94.87,1,2,0
CUST-00886,46,41.31,7,4,1
CUST-00887,12,106.72,5,3,1
CUST-00888,13,115.58,8,3,1
CUST-00889,62,43.67,1,1,0
CUST-00890,60,108.26,2,0,0
CUST-00891,43,29.7,8,0,1
CUST-00892,68,25.57,8,4,1
CUST-00893,5,32.92,5,4,1
CUST-00894,37,25.77,2,3,1
CUST-00895,31,104.5,4,0,1
CUST-00896,9,25.91,1,0,1
CUST-00897,51,47.17,6,0,1
CUST-00898,29,30.38,9,1,1
CUST-00899,40,49.54,7,1,1
CUST-00900,41,29.06,5,4,1
CUST-00901,11,86.8,7,3,1
CUST-00902,23,33.33,1,2,1
CUST-00903,1,105.18,2,3,1
CUST-00904,46,101.72,6,1,1
CUST-00905,21,21.37,9,1,1
CUST-00906,36,109.57,0,4,1
CUST-00907,54,22.89,6,2,1
CUST-00908,57,43.96,5,0,1
CUST-00909,1,23.24,7,2,1
CUST-00910,63,53.58,6,2,1
CUST-00911,54,71.39,3,2,1
CUST-00912,55,99.66,2,4,1
CUST-00913,40,53.8,2,1,1
CUST-00914,15,90.55,3,0,1
CUST-00915,21,38.75,8,2,1
CUST-00916,47,95.06,8,0,1
CUST-00917,53,43.6,1,2,1
CUST-00918,9,34.35,4,1,1
CUST-00919,52,38.54,0,0,0
CUST-00920,57,38.21,3,3,1
CUST-00921,26,71.29,1,1,1
CUST-00922,41,104.48,7,0,1
CUST-00923,35,27.96,3,2,1
CUST-00924,63,90.7,4,2,1
CUST-00925,25,85.43,3,1,1
CUST-00926,38,107.25,4,1,1
CUST-00927,2,44.41,4,2,1
CUST-00928,7,65.01,4,0,1
CUST-00929,34,112.58,2,3,1
CUST-00930,17,86.0,6,4,1
CUST-00931,43,58.88,2,1,1
CUST-00932,59,33.14,1,2,0
CUST-00933,51,46.25,2,0,0
CUST-00934,54,78.12,2,1,0
CUST-00935,24,91.82,7,0,1
CUST-00936,25,32.44,3,1,1
CUST-00937,71,79.96,2,2,0
CUST-00938,52,75.04,9,0,1
CUST-00939,70,71.4,4,2,1
CUST-00940,33,89.01,3,0,1
CUST-00941,49,103.74,8,1,1
CUST-00942,29,52.3,7,4,1
CUST-00943,63,108.9,6,4,1
CUST-00944,22,36.06,7,3,1
CUST-00945,26,37.3,4,3,1
CUST-00946,28,46.68,3,2,1
CUST-00947,49,31.95,6,0,1
CUST-00948,71,43.03,0,3,0
CUST-00949,49,30.64,5,1,1
CUST-00950,20,102.18,7,4,1
CUST-00951,63,33.9,6,0,1
CUST-00952,61,94.73,1,4,1
CUST-00953,49,24.79,6,0,1
CUST-00954,71,114.85,5,3,1
CUST-00955,1,91.12,4,3,1
CUST-00956,13,20.68,3,2,1
CUST-00957,51,96.39,0,0,0
CUST-00958,56,71.41,1,1,0
CUST-00959,62,97.94,6,3,1
CUST-00960,32,72.25,9,2,1
CUST-00961,30,84.1,2,3,1
CUST-00962,29,98.63,4,4,1
CUST-00963,49,60.51,7,3,1
CUST-00964,45,20.27,7,0,1
CUST-00965,30,104.99,5,2,1
CUST-00966,16,58.09,4,0,1
CUST-00967,40,69.6,1,1,0
CUST-00968,19,20.78,8,1,1
CUST-00969,18,69.21,0,3,1
CUST-00970,1,118.65,1,2,1
CUST-00971,47,47.83,0,2,0
CUST-00972,66,59.54,3,2,1
CUST-00973,38,88.72,3,2,1
CUST-00974,51,101.48,4,3,1
CUST-00975,63,61.74,4,0,0
CUST-00976,4,50.97,7,3,1
CUST-00977,1,113.78,2,0,1
CUST-00978,8,87.71,5,4,1
CUST-00979,29,31.9,2,4,1
CUST-00980,55,26.89,1,0,0
CUST-00981,3,68.35,7,3,1
CUST-00982,32,42.01,0,1,1
CUST-00983,10,45.4,8,3,1
CUST-00984,34,107.77,6,1,1
CUST-00985,55,28.96,9,3,1
CUST-00986,32,91.54,3,2,1
CUST-00987,50,47.11,2,2,1
CUST-00988,7,96.03,5,4,1
CUST-00989,8,92.24,8,4,1
CUST-00990,65,20.74,8,0,1
CUST-00991,57,70.91,3,1,0
CUST-00992,67,33.93,9,2,1
CUST-00993,59,106.62,4,3,1
CUST-00994,54,107.16,8,0,1
CUST-00995,67,61.83,1,3,0
CUST-00996,51,64.44,1,2,0
CUST-00997,8,50.33,4,2,1
CUST-00998,34,91.66,0,2,1
CUST-00999,35,55.87,7,2,1
CUST-01000,32,46.78,4,3,1
CUST-01001,46,63.22,9,0,1
CUST-01002,16,29.15,1,2,1
CUST-01003,68,94.66,8,4,1
CUST-01004,37,21.26,1,0,1
CUST-01005,54,84.45,6,4,1
CUST-01006,14,38.29,7,3,1
CUST-01007,55,43.24,5,2,1
CUST-01008,48,83.56,6,0,1
CUST-01009,7,119.29,0,2,1
CUST-01010,7,97.77,3,2,1
CUST-01011,33,42.58,6,0,1
CUST-01012,23,37.6,0,2,1
CUST-01013,19,106.62,0,2,1
CUST-01014,19,64.42,5,1,1
CUST-01015,36,33.71,3,1,1
CUST-01016,29,106.22,2,0,0
CUST-01017,60,101.61,4,0,0
CUST-01018,2,118.39,8,2,1
CUST-01019,1,110.97,9,4,1
CUST-01020,47,105.18,9,0,1
CUST-01021,69,25.26,9,2,1
CUST-01022,20,30.44,2,4,1
CUST-01023,11,76.9,4,1,1
CUST-01024,2,73.15,9,0,1
CUST-01025,67,65.8,4,2,1
CUST-01026,12,59.68,8,1,1
CUST-01027,20,63.12,9,3,1
CUST-01028,5,76.93,3,1,1
CUST-01029,37,20.21,0,2,1
CUST-01030,38,46.07,9,4,1
CUST-01031,9,71.83,4,3,1
CUST-01032,53,92.22,0,3,0
CUST-01033,44,37.42,5,3,1
CUST-01034,24,74.69,9,0,1
CUST-01035,30,91.45,9,2,1
CUST-01036,59,64.46,6,3,1
CUST-01037,14,22.71,0,1,1
CUST-01038,9,64.93,9,4,1
CUST-01039,40,49.64,3,2,1
CUST-01040,66,112.96,8,1,1
CUST-01041,25,32.46,0,0,1
CUST-01042,22,85.25,8,3,1
CUST-01043,4,25.27,7,1,1
CUST-01044,26,64.62,4,2,1
CUST-01045,58,75.4,5,1,1
CUST-01046,29,49.8,6,0,1
CUST-01047,37,65.51,3,4,1
CUST-01048,70,36.36,5,3,1
CUST-01049,18,50.41,6,2,1
CUST-01050,42,82.11,5,3,1
CUST-01051,41,50.18,5,3,1
CUST-01052,38,109.97,1,3,1
CUST-01053,34,82.84,4,1,1
CUST-01054,17,63.86,2,1,1
CUST-01055,37,23.88,6,4,1
CUST-01056,25,69.95,3,0,1
CUST-01057,27,96.48,0,2,1
CUST-01058,57,46.56,5,1,1
CUST-01059,31,100.68,5,3,1
CUST-01060,6,45.18,6,0,1
CUST-01061,40,102.37,7,2,1
CUST-01062,12,28.53,2,2,1
CUST-01063,53,106.62,5,2,1
CUST-01064,71,69.92,9,2,1
CUST-01065,10,49.65,1,4,1
CUST-01066,45,46.51,8,2,1
CUST-01067,17,63.2,1,0,1
CUST-01068,26,119.9,2,1,1
CUST-01069,62,42.03,9,0,1
CUST-01070,46,30.32,1,3,1
CUST-01071,64,78.5,8,4,1
CUST-01072,2,68.85,0,4,1
CUST-01073,54,72.42,4,3,1
CUST-01074,65,86.69,0,0,0
CUST-01075,51,46.71,4,0,1
CUST-01076,53,111.07,7,3,1
CUST-01077,36,63.57,7,2,1
CUST-01078,26,32.91,7,2,1
CUST-01079,29,94.23,1,1,1
CUST-01080,21,84.31,7,0,1
CUST-01081,11,51.57,4,0,1
CUST-01082,40,82.15,0,3,1
CUST-01083,11,41.99,6,3,1
CUST-01084,36,64.48,5,2,1
CUST-01085,59,109.94,4,0,0
CUST-01086,39,33.35,0,0,0
CUST-01087,54,58.67,0,4,1
CUST-01088,55,102.11,5,1,1
CUST-01089,24,116.95,9,1,1
CUST-01090,22,65.39,6,2,1
CUST-01091,69,70.7,9,0,1
CUST-01092,56,77.22,9,4,1
CUST-01093,33,113.23,0,0,0
CUST-01094,36,105.82,8,3,1
CUST-01095,20,37.06,3,2,1
CUST-01096,62,63.68,4,1,1
CUST-01097,26,66.4,1,0,1
CUST-01098,66,98.91,9,2,1
CUST-01099,40,80.29,7,1,1
CUST-01100,17,85.42,1,0,1
CUST-01101,1,119.82,2,4,1
CUST-01102,61,27.5,8,2,1
CUST-01103,43,42.3,1,0,0
CUST-01104,42,60.79,5,1,1
CUST-01105,25,54.78,3,1,1
CUST-01106,39,22.16,6,4,1
CUST-01107,35,29.18,5,2,1
CUST-01108,3,88.1,9,2,1
CUST-01109,44,107.93,8,0,1
CUST-01110,51,71.42,8,1,1
CUST-01111,12,73.92,9,1,1
CUST-01112,19,45.51,3,4,1
CUST-01113,44,96.79,0,4,1
CUST-01114,59,95.18,1,2,0
CUST-01115,49,78.84,7,1,1
CUST-01116,61,41.27,9,0,1
CUST-01117,17,29.7,7,3,1
CUST-01118,57,26.42,1,0,0
CUST-01119,55,79.27,3,4,1
CUST-01120,47,102.5,0,0,0
CUST-01121,12,105.83,6,1,1
CUST-01122,62,66.36,3,2,1
CUST-01123,8,98.43,7,3,1
CUST-01124,21,114.69,8,2,1
CUST-01125,70,47.52,8,3,1
CUST-01126,25,59.8,2,3,1
CUST-01127,12,113.15,4,1,1
CUST-01128,15,53.82,5,1,1
CUST-01129,59,111.39,5,4,1
CUST-01130,26,118.1,9,4,1
CUST-01131,26,86.18,7,3,1
CUST-01132,47,101.69,5,4,1
CUST-01133,32,94.95,5,1,1
CUST-01134,10,89.95,3,4,1
CUST-01135,16,50.69,6,3,1
CUST-01136,71,25.71,7,2,1
CUST-01137,17,54.31,2,0,1
CUST-01138,23,86.69,6,4,1
CUST-01139,26,30.25,2,1,1
CUST-01140,7,21.19,7,2,1
CUST-01141,14,33.97,0,1,1
CUST-01142,7,91.57,0,4,1
CUST-01143,9,117.28,5,3,1
CUST-01144,48,118.31,9,0,1
CUST-01145,59,69.4,8,0,1
CUST-01146,39,106.94,3,2,1
CUST-01147,18,93.68,5,0,1
CUST-01148,59,70.1,4,3,1
CUST-01149,17,77.28,0,1,1
CUST-01150,14,33.72,5,3,1
CUST-01151,31,113.77,8,2,1
CUST-01152,24,55.19,2,2,1
CUST-01153,60,64.61,2,0,0
CUST-01154,45,87.17,1,3,1
CUST-01155,3,53.39,3,1,1
CUST-01156,37,45.43,9,3,1
CUST-01157,43,83.1,2,1,0
CUST-01158,40,22.5,1,1,1
CUST-01159,55,92.07,0,3,0
CUST-01160,39,71.4,2,4,1
CUST-01161,15,80.58,9,3,1
CUST-01162,4,83.19,5,1,1
CUST-01163,25,72.71,8,2,1
CUST-01164,13,78.25,4,2,1
CUST-01165,33,88.38,2,0,0
CUST-01166,16,95.31,4,2,1
CUST-01167,42,92.75,4,4,1
CUST-01168,66,106.96,4,1,0
CUST-01169,55,38.94,6,3,1
CUST-01170,42,60.11,4,3,1
CUST-01171,34,114.78,6,4,1
CUST-01172,30,59.66,8,2,1
CUST-01173,13,32.49,4,1,1
CUST-01174,13,72.54,1,2,1
CUST-01175,18,30.95,4,0,1
CUST-01176,32,40.29,7,2,1
CUST-01177,39,119.83,3,0,0
CUST-01178,46,74.14,1,3,1
CUST-01179,29,48.41,9,1,1
CUST-01180,62,119.48,2,0,0
CUST-01181,62,116.66,8,2,1
CUST-01182,57,64.07,8,2,1
CUST-01183,16,46.04,7,3,1
CUST-01184,56,103.84,7,4,1
CUST-01185,10,91.56,7,4,1
CUST-01186,30,88.69,7,2,1
CUST-01187,25,109.31,7,4,1
CUST-01188,5,88.94,0,1,1
CUST-01189,65,48.38,5,4,1
CUST-01190,49,89.39,8,1,1
CUST-01191,3,50.58,7,2,1
CUST-01192,45,95.92,2,2,1
CUST-01193,14,81.97,0,2,1
CUST-01194,30,27.74,1,3,1
CUST-01195,68,71.28,1,4,1
CUST-01196,18,54.33,6,0,1
CUST-01197,62,52.86,5,0,1
CUST-01198,37,80.23,1,2,1
CUST-01199,25,52.23,7,4,1
CUST-01200,48,97.69,8,1,1
CUST-01201,65,27.08,6,0,1
CUST-01202,53,86.04,3,2,1
CUST-01203,15,100.92,0,0,0
CUST-01204,49,87.28,3,0,0
CUST-01205,68,69.72,3,0,0
CUST-01206,12,115.03,7,2,1
CUST-01207,59,49.99,3,2,1
CUST-01208,37,21.92,3,3,1
CUST-01209,61,63.2,1,3,1
CUST-01210,43,23.3,9,3,1
CUST-01211,70,115.39,6,0,0
CUST-01212,39,40.99,3,4,1
CUST-01213,56,98.89,5,2,1
CUST-01214,63,97.46,2,3,0
CUST-01215,46,41.77,6,4,1
CUST-01216,11,82.12,5,3,1
CUST-01217,62,24.81,2,3,1
CUST-01218,25,68.36,3,4,1
CUST-01219,71,21.46,9,3,1
CUST-01220,52,112.11,4,0,0
CUST-01221,4,117.61,8,0,1
CUST-01222,59,42.23,5,0,1
CUST-01223,20,40.81,3,1,1
CUST-01224,63,95.37,6,3,1
CUST-01225,54,45.34,1,1,0
CUST-01226,57,109.51,3,2,0
CUST-01227,41,77.39,4,4,1
CUST-01228,3,55.08,3,2,1
CUST-01229,6,103.27,3,1,1
CUST-01230,5,69.34,8,0,1
CUST-01231,5,111.16,1,3,1
CUST-01232,54,112.8,5,3,1
CUST-01233,47,36.54,7,0,1
CUST-01234,49,20.23,7,3,1
CUST-01235,9,118.39,6,4,1
CUST-01236,20,110.61,9,4,1
CUST-01237,61,25.54,3,4,1
CUST-01238,35,103.3,6,2,1
CUST-01239,50,65.78,9,0,1
CUST-01240,62,45.9,5,4,1
CUST-01241,17,107.87,5,1,1
CUST-01242,3,39.67,1,4,1
CUST-01243,32,114.73,7,2,1
CUST-01244,13,40.56,7,1,1
CUST-01245,68,81.37,6,0,0
CUST-01246,14,42.31,8,0,1
CUST-01247,11,74.57,7,4,1
CUST-01248,56,88.4,8,1,1
CUST-01249,67,39.02,8,1,1
CUST-01250,29,72.09,5,4,1
CUST-01251,9,66.91,1,4,1
CUST-01252,67,27.1,6,3,1
CUST-01253,25,101.83,2,3,1
CUST-01254,42,53.57,6,4,1
CUST-01255,9,77.46,8,2,1
CUST-01256,40,71.48,9,3,1
CUST-01257,25,71.33,9,4,1
CUST-01258,5,30.72,1,1,1
CUST-01259,11,62.35,5,3,1
CUST-01260,59,65.24,5,2,1
CUST-01261,38,93.36,8,0,1
CUST-01262,5,104.0,8,1,1
CUST-01263,48,74.5,4,2,1
CUST-01264,18,28.68,4,2,1
CUST-01265,70,43.68,8,2,1
CUST-01266,37,36.49,7,1,1
CUST-01267,60,32.46,6,2,1
CUST-01268,48,56.59,7,0,1
CUST-01269,28,42.94,5,3,1
CUST-01270,69,41.83,2,1,0
CUST-01271,40,25.47,6,2,1
CUST-01272,45,21.77,7,4,1
CUST-01273,62,30.28,7,3,1
CUST-01274,58,37.22,0,1,0
CUST-01275,67,63.1,6,4,1
CUST-01276,56,71.05,2,4,1
CUST-01277,40,34.06,1,2,1
CUST-01278,40,62.48,1,1,0
CUST-01279,33,54.17,7,2,1
CUST-01280,6,38.34,8,0,1
CUST-01281,19,20.68,2,4,1
CUST-01282,40,66.7,2,0,0
CUST-01283,59,88.57,5,2,1
CUST-01284,59,42.63,9,3,1
CUST-01285,48,33.18,0,4,1
CUST-01286,41,108.7,5,3,1
CUST-01287,13,47.5,2,1,1
CUST-01288,45,42.36,3,4,1
CUST-01289,53,105.71,8,0,1
CUST-01290,42,101.71,2,3,1
CUST-01291,63,64.83,0,1,0
CUST-01292,27,68.92,2,4,1
CUST-01293,38,41.77,6,1,1
CUST-01294,60,27.83,6,0,1
CUST-01295,7,77.34,4,4,1
CUST-01296,5,29.83,0,1,1
CUST-01297,45,64.93,7,2,1
CUST-01298,58,114.05,9,4,1
CUST-01299,31,115.28,7,4,1
CUST-01300,23,43.93,9,4,1
CUST-01301,42,82.41,9,4,1
CUST-01302,10,67.41,9,2,1
CUST-01303,32,107.57,1,0,0
CUST-01304,53,47.14,9,2,1
CUST-01305,30,20.37,2,2,1
CUST-01306,39,36.26,3,1,1
CUST-01307,31,54.95,0,3,1
CUST-01308,2,51.57,3,3,1
CUST-01309,12,99.14,4,1,1
CUST-01310,39,88.06,2,2,1
CUST-01311,66,49.96,9,1,1
CUST-01312,13,65.77,1,4,1
CUST-01313,46,29.56,5,1,1
CUST-01314,27,109.81,7,1,1
CUST-01315,17,113.54,6,4,1
CUST-01316,60,117.98,0,3,0
CUST-01317,64,106.86,3,4,1
CUST-01318,35,37.4,2,0,1
CUST-01319,70,24.62,5,1,1
CUST-01320,30,77.96,8,1,1
CUST-01321,71,111.26,8,3,1
CUST-01322,63,37.74,6,2,1
CUST-01323,28,20.7,8,4,1
CUST-01324,60,100.55,7,2,1
CUST-01325,37,27.68,4,0,1
CUST-01326,22,61.37,8,4,1
CUST-01327,68,87.89,6,0,0
CUST-01328,20,43.68,4,0,1
CUST-01329,68,28.4,7,0,1
CUST-01330,64,97.0,6,4,1
CUST-01331,17,83.02,8,4,1
CUST-01332,12,118.85,9,3,1
CUST-01333,22,54.43,0,1,1
CUST-01334,17,26.18,8,2,1
CUST-01335,10,93.44,6,2,1
CUST-01336,65,72.17,0,0,0
CUST-01337,22,41.32,0,4,1
CUST-01338,50,98.17,4,4,1
CUST-01339,14,40.38,7,0,1
CUST-01340,64,46.07,8,1,1
CUST-01341,47,29.25,5,2,1
CUST-01342,29,59.94,9,3,1
CUST-01343,36,61.89,7,1,1
CUST-01344,52,71.46,5,4,1
CUST-01345,7,90.9,5,0,1
CUST-01346,29,110.61,3,2,1
CUST-01347,11,33.77,4,0,1
CUST-01348,33,25.43,1,4,1
CUST-01349,6,21.85,2,0,1
CUST-01350,32,34.36,2,2,1
CUST-01351,51,85.79,4,0,0
CUST-01352,58,92.75,4,2,1
CUST-01353,26,98.65,5,0,1
CUST-01354,46,44.37,4,0,1
CUST-01355,29,50.59,5,2,1
CUST-01356,4,68.31,7,0,1
CUST-01357,13,26.32,1,1,1
CUST-01358,39,81.11,3,3,1
CUST-01359,15,118.37,5,1,1
CUST-01360,29,56.08,4,3,1
CUST-01361,29,95.28,0,1,0
CUST-01362,32,70.0,8,3,1
CUST-01363,2,32.78,2,0,1
CUST-01364,47,78.22,1,2,0
CUST-01365,22,49.99,8,2,1
CUST-01366,27,23.44,6,4,1
CUST-01367,67,83.49,4,3,1
CUST-01368,56,105.89,5,4,1
CUST-01369,21,54.48,3,4,1
CUST-01370,47,59.03,0,3,1
CUST-01371,59,109.1,3,2,0
CUST-01372,6,101.36,8,3,1
CUST-01373,19,91.5,0,0,0
CUST-01374,57,44.88,9,4,1
CUST-01375,69,111.02,2,4,1
CUST-01376,3,35.44,4,3,1
CUST-01377,1,82.68,6,4,1
CUST-01378,58,22.88,8,2,1
CUST-01379,38,84.37,5,4,1
CUST-01380,15,47.71,2,3,1
CUST-01381,34,64.97,6,2,1
CUST-01382,61,54.53,3,2,1
CUST-01383,35,37.28,2,4,1
CUST-01384,64,82.2,6,3,1
CUST-01385,25,108.2,6,4,1
CUST-01386,24,115.91,3,0,1
CUST-01387,12,39.23,6,0,1
CUST-01388,18,91.74,1,2,1
CUST-01389,15,86.43,0,4,1
CUST-01390,27,54.34,1,0,1
CUST-01391,60,21.91,3,1,1
CUST-01392,46,88.98,7,0,1
CUST-01393,17,114.55,2,4,1
CUST-01394,53,83.21,9,4,1
CUST-01395,8,63.53,5,0,1
CUST-01396,27,72.52,5,4,1
CUST-01397,46,39.96,8,4,1
CUST-01398,50,95.05,8,1,1
CUST-01399,71,94.64,3,2,0
CUST-01400,3,34.55,8,4,1
CUST-01401,64,107.8,5,3,1
CUST-01402,44,46.92,1,2,1
CUST-01403,53,118.23,9,2,1
CUST-01404,24,58.29,5,3,1
CUST-01405,60,37.79,1,0,0
CUST-01406,3,55.17,7,1,1
CUST-01407,20,64.02,3,4,1
CUST-01408,46,26.93,4,0,1
CUST-01409,15,77.82,7,3,1
CUST-01410,25,79.76,7,1,1
CUST-01411,71,93.89,5,1,0
CUST-01412,17,22.92,3,1,1
CUST-01413,9,74.12,0,3,1
CUST-01414,38,25.29,6,0,1
CUST-01415,48,90.11,7,4,1
CUST-01416,60,25.57,8,1,1
CUST-01417,63,111.17,1,1,0
CUST-01418,2,90.21,0,0,1
CUST-01419,11,70.74,3,1,1
CUST-01420,64,64.15,4,1,1
CUST-01421,21,33.07,9,3,1
CUST-01422,18,49.1,0,2,1
CUST-01423,64,106.9,4,0,0
CUST-01424,38,110.45,5,0,1
CUST-01425,32,20.07,2,0,1
CUST-01426,11,79.41,6,3,1
CUST-01427,45,91.93,5,3,1
CUST-01428,33,81.87,3,4,1
CUST-01429,41,28.17,2,3,1
CUST-01430,8,41.77,4,0,1
CUST-01431,11,45.03,2,4,1
CUST-01432,51,103.17,9,2,1
CUST-01433,41,66.32,8,1,1
CUST-01434,17,68.68,8,1,1
CUST-01435,46,113.49,5,4,1
CUST-01436,32,83.71,5,2,1
CUST-01437,54,109.87,3,1,0
CUST-01438,20,65.65,3,4,1
CUST-01439,33,34.94,1,3,1
CUST-01440,40,112.99,9,0,1
CUST-01441,32,65.87,3,2,1
CUST-01442,2,38.16,7,1,1
CUST-01443,33,50.24,9,0,1
CUST-01444,30,25.08,1,4,1
CUST-01445,33,66.83,8,1,1
CUST-01446,26,105.31,0,0,0
CUST-01447,22,113.36,1,3,1
CUST-01448,66,113.26,1,2,0
CUST-01449,38,32.52,5,4,1
CUST-01450,46,58.21,6,1,1
CUST-01451,15,22.82,2,3,1
CUST-01452,44,105.52,8,2,1
CUST-01453,49,55.88,4,2,1
CUST-01454,61,83.11,4,3,1
CUST-01455,67,91.49,3,1,0
CUST-01456,6,62.98,8,2,1
CUST-01457,9,50.64,7,4,1
CUST-01458,6,116.22,3,0,1
CUST-01459,32,116.45,3,4,1
CUST-01460,41,48.94,1,2,1
CUST-01461,8,67.96,8,0,1
CUST-01462,50,117.28,2,3,1
CUST-01463,62,20.49,3,0,0
CUST-01464,62,61.27,6,0,1
CUST-01465,7,30.05,9,0,1
CUST-01466,4,70.92,7,2,1
CUST-01467,6,22.47,7,1,1
CUST-01468,58,60.69,3,2,1
CUST-01469,22,42.07,6,1,1
CUST-01470,26,73.33,9,3,1
CUST-01471,3,119.6,0,3,1
CUST-01472,41,100.05,5,3,1
CUST-01473,60,104.56,5,3,1
CUST-01474,14,83.53,5,3,1
CUST-01475,12,24.16,1,4,1
CUST-01476,12,40.68,7,2,1
CUST-01477,13,112.51,4,1,1
CUST-01478,25,56.61,4,3,1
CUST-01479,45,30.36,1,4,1
CUST-01480,19,90.24,3,4,1
CUST-01481,55,49.95,8,4,1
CUST-01482,45,46.89,8,2,1
CUST-01483,8,119.8,5,3,1
CUST-01484,53,105.81,8,4,1
CUST-01485,55,60.79,3,4,1
CUST-01486,32,118.03,0,3,1
CUST-01487,51,85.01,1,2,0
CUST-01488,44,94.2,0,4,1
CUST-01489,70,23.15,7,1,1
CUST-01490,18,32.16,8,0,1
CUST-01491,22,83.31,9,0,1
CUST-01492,37,109.9,5,0,1
CUST-01493,56,82.37,1,2,0
CUST-01494,59,33.4,5,4,1
CUST-01495,3,31.58,8,0,1
CUST-01496,28,104.42,2,0,0
CUST-01497,35,33.93,8,3,1
CUST-01498,61,72.02,1,4,1
CUST-01499,54,23.71,4,4,1
CUST-01500,63,28.07,1,3,1
CUST-01501,7,87.23,6,4,1
CUST-01502,49,88.92,9,1,1
CUST-01503,31,54.15,8,2,1
CUST-01504,58,41.56,6,3,1
CUST-01505,61,101.37,4,0,0
CUST-01506,24,41.71,3,4,1
CUST-01507,20,74.2,3,1,1
CUST-01508,37,116.82,9,1,1
CUST-01509,4,34.79,7,2,1
CUST-01510,20,114.09,9,1,1
CUST-01511,60,38.29,9,4,1
CUST-01512,24,76.74,9,4,1
CUST-01513,50,57.7,9,1,1
CUST-01514,49,116.49,9,4,1
CUST-01515,51,47.35,0,4,1
CUST-01516,36,59.97,4,0,1
CUST-01517,66,118.29,1,3,0
CUST-01518,34,73.65,8,4,1
CUST-01519,36,70.26,6,4,1
CUST-01520,6,45.78,9,2,1
CUST-01521,39,90.14,7,3,1
CUST-01522,42,21.44,5,3,1
CUST-01523,58,24.95,8,3,1
CUST-01524,12,79.94,5,1,1
CUST-01525,3,54.17,6,0,1
CUST-01526,18,115.33,6,0,1
CUST-01527,40,110.32,8,2,1
CUST-01528,21,91.37,7,3,1
CUST-01529,15,101.81,0,3,1
CUST-01530,26,86.73,3,4,1
CUST-01531,8,32.56,6,1,1
CUST-01532,42,96.55,7,1,1
CUST-01533,44,41.02,6,2,1
CUST-01534,14,52.34,2,0,1
CUST-01535,2,101.92,3,3,1
CUST-01536,37,73.65,6,2,1
CUST-01537,69,105.99,7,1,1
CUST-01538,38,41.3,6,1,1
CUST-01539,41,80.78,5,1,1
CUST-01540,62,28.38,8,3,1
CUST-01541,60,84.31,8,3,1
CUST-01542,14,96.25,6,3,1
CUST-01543,2,78.49,7,4,1
CUST-01544,70,46.62,5,0,0
CUST-01545,17,23.13,0,1,1
CUST-01546,28,31.94,0,1,1
CUST-01547,66,82.23,5,4,1
CUST-01548,35,113.44,1,1,0
CUST-01549,5,40.65,7,1,1
CUST-01550,65,93.5,0,3,0
CUST-01551,40,106.65,1,3,1
CUST-01552,56,72.09,7,0,1
CUST-01553,36,86.93,5,1,1
CUST-01554,45,101.5,9,2,1
CUST-01555,23,46.07,1,1,1
CUST-01556,47,49.69,1,1,0
CUST-01557,31,20.06,6,0,1
CUST-01558,11,116.31,4,2,1
CUST-01559,10,111.75,4,1,1
CUST-01560,67,96.46,7,2,1
CUST-01561,14,27.91,6,3,1
CUST-01562,10,64.75,8,3,1
CUST-01563,1,30.19,3,2,1
CUST-01564,5,21.59,9,1,1
CUST-01565,20,81.62,3,2,1
CUST-01566,8,116.08,1,2,1
CUST-01567,43,110.29,2,3,1
CUST-01568,1,89.68,0,2,1
CUST-01569,57,29.66,0,4,1
CUST-01570,64,47.42,6,4,1
CUST-01571,28,52.01,4,3,1
CUST-01572,37,96.32,2,1,1
CUST-01573,47,100.22,6,1,1
CUST-01574,37,58.51,1,3,1
CUST-01575,49,61.79,2,1,0
CUST-01576,44,24.45,0,0,0
CUST-01577,56,48.91,7,4,1
CUST-01578,28,65.13,1,0,0
CUST-01579,6,31.7,6,0,1
CUST-01580,61,65.33,8,0,1
CUST-01581,20,105.32,5,3,1
CUST-01582,2,78.13,1,0,1
CUST-01583,37,27.89,1,2,1
CUST-01584,20,39.17,8,1,1
CUST-01585,26,67.45,9,3,1
CUST-01586,29,56.15,7,2,1
CUST-01587,1,55.87,8,2,1
CUST-01588,35,72.93,3,4,1
CUST-01589,70,78.44,3,4,1
CUST-01590,59,99.69,1,2,0
CUST-01591,69,54.1,9,4,1
CUST-01592,33,100.55,0,1,0
CUST-01593,51,53.86,9,1,1
CUST-01594,12,25.54,3,4,1
CUST-01595,20,75.42,9,0,1
CUST-01596,53,78.79,9,2,1
CUST-01597,43,113.45,7,1,1
CUST-01598,50,92.61,1,4,1
CUST-01599,29,111.78,7,4,1
CUST-01600,57,110.83,0,1,0
CUST-01601,39,80.46,0,1,0
CUST-01602,56,72.78,3,0,0
CUST-01603,43,75.74,6,4,1
CUST-01604,50,117.83,8,4,1
CUST-01605,23,97.32,4,3,1
CUST-01606,44,30.63,1,0,0
CUST-01607,38,97.84,6,1,1
CUST-01608,23,37.05,1,1,1
CUST-01609,45,64.74,8,2,1
CUST-01610,52,41.05,8,1,1
CUST-01611,50,88.96,2,4,1
CUST-01612,8,107.73,7,1,1
CUST-01613,1,49.04,3,4,1
CUST-01614,8,28.2,2,4,1
CUST-01615,29,49.85,0,0,0
CUST-01616,5,87.24,4,1,1
CUST-01617,47,52.88,3,0,1
CUST-01618,34,47.81,0,4,1
CUST-01619,65,38.44,9,1,1
CUST-01620,55,69.75,7,1,1
CUST-01621,43,47.59,7,0,1
CUST-01622,30,93.1,7,0,1
CUST-01623,17,27.66,2,4,1
CUST-01624,26,86.4,5,4,1
CUST-01625,8,43.76,6,1,1
CUST-01626,47,68.93,8,1,1
CUST-01627,46,48.61,4,3,1
CUST-01628,68,92.28,8,3,1
CUST-01629,33,114.53,5,2,1
CUST-01630,1,111.71,9,4,1
CUST-01631,19,78.34,9,2,1
CUST-01632,31,66.26,9,2,1
CUST-01633,14,101.83,3,0,1
CUST-01634,53,88.33,0,0,0
CUST-01635,48,38.36,0,3,1
CUST-01636,69,102.09,9,2,1
CUST-01637,62,62.89,4,3,1
CUST-01638,66,38.9,2,4,1
CUST-01639,64,48.18,4,1,1
CUST-01640,70,46.75,4,0,0
CUST-01641,63,71.92,0,4,0
CUST-01642,33,43.44,7,4,1
CUST-01643,41,32.36,4,0,1
CUST-01644,48,32.37,4,0,1
CUST-01645,13,78.33,8,2,1
CUST-01646,31,93.48,7,3,1
CUST-01647,68,52.15,0,4,0
CUST-01648,4,23.47,2,2,1
CUST-01649,19,32.72,6,2,1
CUST-01650,70,111.47,0,4,0
CUST-01651,13,69.35,0,4,1
CUST-01652,23,65.36,4,1,1
CUST-01653,1,23.8,8,3,1
CUST-01654,54,92.86,5,4,1
CUST-01655,71,72.81,9,0,1
CUST-01656,15,40.21,1,1,1
CUST-01657,65,31.01,8,3,1
CUST-01658,71,58.34,5,0,0
CUST-01659,15,103.72,4,0,1
CUST-01660,21,106.53,4,3,1
CUST-01661,19,80.28,2,1,1
CUST-01662,60,92.75,5,0,0
CUST-01663,33,31.52,3,2,1
CUST-01664,49,78.81,9,3,1
CUST-01665,35,86.7,1,3,1
CUST-01666,44,40.07,2,4,1
CUST-01667,11,108.02,8,1,1
CUST-01668,66,39.5,8,2,1
CUST-01669,46,51.35,5,2,1
CUST-01670,9,82.06,9,4,1
CUST-01671,3,83.84,9,0,1
CUST-01672,26,89.94,8,0,1
CUST-01673,48,31.2,3,2,1
CUST-01674,66,104.95,4,1,0
CUST-01675,70,73.28,9,0,1
CUST-01676,28,67.13,5,3,1
CUST-01677,26,118.11,8,4,1
CUST-01678,25,94.04,4,1,1
CUST-01679,12,31.8,7,0,1
CUST-01680,5,95.65,0,2,1
CUST-01681,48,29.52,4,4,1
CUST-01682,37,22.75,9,0,1
CUST-01683,44,60.36,0,2,0
CUST-01684,15,119.36,9,0,1
CUST-01685,43,37.49,5,4,1
CUST-01686,48,87.26,6,3,1
CUST-01687,70,37.34,4,3,1
CUST-01688,46,92.48,0,2,0
CUST-01689,43,70.54,5,3,1
CUST-01690,21,88.0,9,4,1
CUST-01691,23,40.29,4,2,1
CUST-01692,47,94.56,5,0,1
CUST-01693,15,119.56,9,1,1
CUST-01694,25,86.57,6,0,1
CUST-01695,36,69.35,6,4,1
CUST-01696,51,112.32,1,2,0
CUST-01697,15,21.59,2,0,1
CUST-01698,68,92.99,5,2,1
CUST-01699,21,108.87,2,3,1
CUST-01700,13,26.17,1,1,1
CUST-01701,19,65.01,3,4,1
CUST-01702,34,40.47,4,0,1
CUST-01703,68,76.65,9,1,1
CUST-01704,52,84.95,8,4,1
CUST-01705,27,50.26,2,4,1
CUST-01706,29,66.0,2,3,1
CUST-01707,28,47.93,5,2,1
CUST-01708,35,56.94,4,2,1
CUST-01709,8,35.95,5,1,1
CUST-01710,16,108.56,6,3,1
CUST-01711,36,21.0,2,4,1
CUST-01712,30,108.24,4,3,1
CUST-01713,18,77.17,7,3,1
CUST-01714,2,53.17,3,1,1
CUST-01715,49,92.31,9,2,1
CUST-01716,4,70.78,1,3,1
CUST-01717,7,69.91,3,3,1
CUST-01718,39,31.01,1,3,1
CUST-01719,13,58.95,2,0,1
CUST-01720,31,44.11,3,3,1
CUST-01721,71,21.57,3,3,1
CUST-01722,63,56.01,9,4,1
CUST-01723,56,28.98,8,0,1
CUST-01724,42,45.68,9,3,1
CUST-01725,61,29.25,5,3,1
CUST-01726,42,30.09,8,1,1
CUST-01727,56,39.9,3,1,1
CUST-01728,36,119.98,8,0,1
CUST-01729,68,20.22,8,4,1
CUST-01730,7,83.87,5,0,1
CUST-01731,54,34.12,4,0,1
CUST-01732,1,112.06,2,1,1
CUST-01733,44,29.36,4,1,1
CUST-01734,45,115.51,2,4,1
CUST-01735,47,81.09,4,3,1
CUST-01736,13,20.13,4,4,1
CUST-01737,22,109.4,1,3,1
CUST-01738,21,72.17,8,2,1
CUST-01739,9,46.27,6,1,1
CUST-01740,26,96.73,5,2,1
CUST-01741,9,112.67,4,2,1
CUST-01742,15,68.37,3,1,1
CUST-01743,10,51.56,7,2,1
CUST-01744,42,98.89,1,0,0
CUST-01745,24,88.18,7,3,1
CUST-01746,49,108.88,0,4,1
CUST-01747,26,89.25,9,1,1
CUST-01748,37,44.35,0,0,0
CUST-01749,68,113.17,2,4,1
CUST-01750,50,30.48,4,4,1
CUST-01751,24,46.79,5,4,1
CUST-01752,19,72.02,3,2,1
CUST-01753,60,76.57,6,2,1
CUST-01754,39,21.53,6,2,1
CUST-01755,18,98.06,1,2,1
CUST-01756,19,56.16,1,0,1
CUST-01757,36,60.64,1,2,1
CUST-01758,55,100.94,1,1,0
CUST-01759,69,57.93,8,4,1
CUST-01760,47,24.72,4,0,1
CUST-01761,49,37.64,7,2,1
CUST-01762,33,115.59,4,4,1
CUST-01763,21,27.04,4,0,1
CUST-01764,22,55.49,0,4,1
CUST-01765,48,70.32,5,0,1
CUST-01766,37,69.33,3,3,1
CUST-01767,15,20.4,2,0,1
CUST-01768,35,70.12,5,2,1
CUST-01769,71,58.38,1,4,1
CUST-01770,32,117.21,7,4,1
CUST-01771,11,35.92,0,4,1
CUST-01772,10,55.42,8,1,1
CUST-01773,57,61.95,7,1,1
CUST-01774,25,59.07,0,2,1
CUST-01775,2,86.58,9,3,1
CUST-01776,64,41.55,8,1,1
CUST-01777,35,42.11,1,0,0
CUST-01778,7,92.92,2,2,1
CUST-01779,18,70.03,1,3,1
CUST-01780,67,61.52,7,0,1
CUST-01781,42,36.92,1,4,1
CUST-01782,39,38.75,9,1,1
CUST-01783,41,21.06,1,0,0
CUST-01784,24,29.14,0,3,1
CUST-01785,60,75.68,6,2,1
CUST-01786,46,109.19,1,0,0
CUST-01787,19,48.72,9,2,1
CUST-01788,68,52.77,4,4,1
CUST-01789,42,31.56,4,3,1
CUST-01790,32,58.86,2,3,1
CUST-01791,39,23.72,2,1,1
CUST-01792,36,111.76,2,3,1
CUST-01793,36,87.31,5,0,1
CUST-01794,3,119.07,3,0,1
CUST-01795,8,108.28,2,0,1
CUST-01796,70,67.3,1,4,1
CUST-01797,41,71.97,2,3,1
CUST-01798,68,39.06,3,3,1
CUST-01799,13,66.2,5,0,1
CUST-01800,49,110.3,3,1,0
CUST-01801,60,25.09,7,1,1
CUST-01802,2,106.36,2,3,1
CUST-01803,60,54.09,2,3,1
CUST-01804,5,109.95,2,2,1
CUST-01805,44,114.09,7,3,1
CUST-01806,27,87.09,3,0,1
CUST-01807,32,86.44,0,4,1
CUST-01808,21,65.28,1,3,1
CUST-01809,8,103.55,9,3,1
CUST-01810,50,116.16,1,0,0
CUST-01811,67,97.51,2,2,0
CUST-01812,44,82.19,5,3,1
CUST-01813,58,80.68,7,1,1
CUST-01814,3,104.95,0,1,1
CUST-01815,70,74.12,8,1,1
CUST-01816,2,100.39,0,4,1
CUST-01817,44,70.89,9,4,1
CUST-01818,2,26.24,1,3,1
CUST-01819,35,58.39,2,3,1
CUST-01820,30,64.44,6,3,1
CUST-01821,8,34.16,8,4,1
CUST-01822,22,30.25,2,3,1
CUST-01823,44,73.55,7,0,1
CUST-01824,58,28.51,8,2,1
CUST-01825,36,50.29,9,1,1
CUST-01826,69,94.46,6,1,1
CUST-01827,31,116.44,3,0,1
CUST-01828,47,91.79,3,3,1
CUST-01829,55,119.26,3,4,1
CUST-01830,62,89.83,5,3,1
CUST-01831,30,49.38,3,3,1
CUST-01832,55,87.21,4,1,1
CUST-01833,16,90.22,8,1,1
CUST-01834,12,57.17,6,4,1
CUST-01835,17,21.77,7,1,1
CUST-01836,16,90.32,4,3,1
CUST-01837,12,22.17,4,0,1
CUST-01838,8,83.12,6,4,1
CUST-01839,3,36.36,7,0,1
CUST-01840,16,76.56,8,3,1
CUST-01841,30,70.39,1,4,1
CUST-01842,23,21.35,2,0,1
CUST-01843,5,56.29,1,4,1
CUST-01844,65,80.11,9,3,1
CUST-01845,30,104.86,6,4,1
CUST-01846,21,108.86,1,3,1
CUST-01847,70,68.38,1,4,1
CUST-01848,22,92.84,1,4,1
CUST-01849,32,51.65,3,1,1
CUST-01850,33,54.22,0,3,1
CUST-01851,16,39.45,1,2,1
CUST-01852,38,76.19,2,4,1
CUST-01853,14,51.46,6,0,1
CUST-01854,36,28.44,9,1,1
CUST-01855,23,88.5,0,1,1
CUST-01856,66,90.78,5,4,1
CUST-01857,2,56.0,2,2,1
CUST-01858,65,27.67,2,1,0
CUST-01859,67,62.63,3,3,1
CUST-01860,52,64.23,3,4,1
CUST-01861,62,86.87,6,4,1
CUST-01862,23,51.54,2,2,1
CUST-01863,26,88.26,7,3,1
CUST-01864,68,107.15,7,3,1
CUST-01865,55,43.75,6,2,1
CUST-01866,6,117.89,1,0,1
CUST-01867,35,58.64,4,3,1
CUST-01868,22,46.73,5,0,1
CUST-01869,43,62.15,9,0,1
CUST-01870,15,29.44,3,4,1
CUST-01871,60,32.57,9,4,1
CUST-01872,12,61.44,4,1,1
CUST-01873,49,96.24,8,4,1
CUST-01874,42,110.03,6,3,1
CUST-01875,38,86.48,1,3,1
CUST-01876,45,30.52,0,0,0
CUST-01877,35,87.2,1,3,1
CUST-01878,30,83.54,2,4,1
CUST-01879,30,100.58,1,4,1
CUST-01880,6,102.52,2,4,1
CUST-01881,67,106.82,9,2,1
CUST-01882,7,61.41,8,3,1
CUST-01883,52,89.79,3,1,0
CUST-01884,14,46.83,8,3,1
CUST-01885,15,119.93,2,3,1
CUST-01886,21,37.53,0,2,1
CUST-01887,35,21.01,4,3,1
CUST-01888,66,34.88,9,0,1
CUST-01889,2,97.59,9,4,1
CUST-01890,35,64.68,1,4,1
CUST-01891,20,64.75,3,2,1
CUST-01892,10,115.5,1,4,1
CUST-01893,25,111.96,1,0,0
CUST-01894,66,51.12,2,2,0
CUST-01895,25,40.91,4,1,1
CUST-01896,54,104.85,3,4,1
CUST-01897,33,110.6,1,3,1
CUST-01898,36,74.16,9,0,1
CUST-01899,14,82.94,1,0,1
CUST-01900,65,45.69,5,4,1
CUST-01901,54,100.08,6,1,1
CUST-01902,52,83.21,9,3,1
CUST-01903,3,70.35,5,1,1
CUST-01904,41,26.01,6,1,1
CUST-01905,6,111.59,0,4,1
CUST-01906,25,81.55,5,3,1
CUST-01907,13,39.27,2,4,1
CUST-01908,8,80.64,0,4,1
CUST-01909,21,87.75,7,0,1
CUST-01910,68,72.58,3,4,1
CUST-01911,25,91.81,9,2,1
CUST-01912,68,78.15,7,3,1
CUST-01913,45,114.78,9,0,1
CUST-01914,60,25.37,3,3,1
CUST-01915,12,30.62,3,0,1
CUST-01916,32,37.37,9,2,1
CUST-01917,13,89.02,3,4,1
CUST-01918,31,84.56,5,0,1
CUST-01919,20,109.21,8,0,1
CUST-01920,18,93.29,4,0,1
CUST-01921,60,70.84,9,2,1
CUST-01922,63,119.18,7,3,1
CUST-01923,6,46.61,7,2,1
CUST-01924,32,103.32,3,0,1
CUST-01925,43,62.68,9,0,1
CUST-01926,2,84.87,8,4,1
CUST-01927,60,92.73,8,2,1
CUST-01928,23,83.38,4,2,1
CUST-01929,31,34.05,5,1,1
CUST-01930,5,64.3,4,3,1
CUST-01931,34,76.14,2,1,1
CUST-01932,10,104.9,7,1,1
CUST-01933,2,64.36,8,3,1
CUST-01934,11,111.87,3,4,1
CUST-01935,50,64.04,8,4,1
CUST-01936,31,74.88,8,3,1
CUST-01937,56,99.63,6,3,1
CUST-01938,9,78.31,7,2,1
CUST-01939,21,116.02,2,2,1
CUST-01940,28,86.03,4,2,1
CUST-01941,62,72.27,2,2,0
CUST-01942,7,22.36,6,0,1
CUST-01943,16,61.37,5,0,1
CUST-01944,4,49.92,2,4,1
CUST-01945,4,94.81,8,0,1
CUST-01946,40,40.83,0,0,0
CUST-01947,17,40.52,9,2,1
CUST-01948,52,38.95,2,2,1
CUST-01949,52,32.56,9,3,1
CUST-01950,36,51.1,6,2,1
CUST-01951,38,108.59,2,3,1
CUST-01952,50,97.49,2,3,1
CUST-01953,63,93.53,1,0,0
CUST-01954,63,99.73,8,2,1
CUST-01955,62,46.94,3,0,0
CUST-01956,7,108.74,9,2,1
CUST-01957,27,33.73,5,0,1
CUST-01958,14,53.63,1,0,1
CUST-01959,71,78.67,8,0,1
CUST-01960,5,30.29,6,4,1
CUST-01961,55,93.01,9,0,1
CUST-01962,2,58.72,4,1,1
CUST-01963,62,98.44,6,1,1
CUST-01964,21,69.29,3,1,1
CUST-01965,21,38.09,9,3,1
CUST-01966,10,93.48,6,0,1
CUST-01967,58,45.21,1,1,0
CUST-01968,39,69.08,6,3,1
CUST-01969,5,27.55,3,1,1
CUST-01970,65,81.79,3,2,0
CUST-01971,13,86.59,0,4,1
CUST-01972,53,57.87,2,0,0
CUST-01973,45,115.44,4,4,1
CUST-01974,32,107.42,4,4,1
CUST-01975,36,90.79,1,2,1
CUST-01976,60,91.37,3,2,1
CUST-01977,11,45.24,0,2,1
CUST-01978,63,85.68,8,3,1
CUST-01979,21,39.82,0,1,1
CUST-01980,52,34.4,5,0,1
CUST-01981,55,119.95,6,2,1
CUST-01982,26,82.24,2,0,1
CUST-01983,68,63.1,0,0,0
CUST-01984,34,48.82,6,0,1
CUST-01985,52,80.39,2,2,1
CUST-01986,52,24.96,9,2,1
CUST-01987,29,29.47,5,1,1
CUST-01988,38,23.29,5,2,1
CUST-01989,42,69.92,3,2,1
CUST-01990,21,80.06,5,0,1
CUST-01991,42,26.25,9,1,1
CUST-01992,13,92.12,3,4,1
CUST-01993,64,43.04,7,2,1
CUST-01994,17,88.52,8,2,1
CUST-01995,9,118.19,1,4,1
CUST-01996,41,89.11,6,0,1
CUST-01997,1,108.32,8,1,1
CUST-01998,2,114.82,8,0,1
CUST-01999,60,68.68,4,3,1
CUST-02000,48,90.23,0,2,0
CUST-02001,29,105.2,5,3,1
CUST-02002,10,55.66,7,2,1
CUST-02003,58,46.14,0,3,0
CUST-02004,60,114.66,1,4,1
CUST-02005,21,92.63,0,2,1
CUST-02006,28,41.97,4,2,1
CUST-02007,34,64.91,1,3,1
CUST-02008,8,99.65,9,1,1
CUST-02009,59,74.71,9,3,1
CUST-02010,49,85.0,3,2,1
CUST-02011,17,95.38,0,2,1
CUST-02012,60,82.2,6,1,1
CUST-02013,45,74.01,7,0,1
CUST-02014,69,94.96,4,1,0
CUST-02015,32,92.76,1,0,0
CUST-02016,44,82.99,7,2,1
CUST-02017,65,55.98,0,4,1
CUST-02018,8,60.58,6,4,1
CUST-02019,43,117.04,0,3,0
CUST-02020,1,31.24,5,1,1
CUST-02021,51,46.85,5,1,1
CUST-02022,24,69.24,4,4,1
CUST-02023,24,103.67,1,0,0
CUST-02024,17,36.37,1,1,1
CUST-02025,5,47.7,8,0,1
CUST-02026,20,26.58,4,0,1
CUST-02027,21,90.6,4,0,1
CUST-02028,58,43.82,6,0,1
CUST-02029,31,58.87,5,3,1
CUST-02030,11,64.37,1,3,1
CUST-02031,52,109.13,0,4,1
CUST-02032,15,61.13,4,3,1
CUST-02033,7,34.52,3,1,1
CUST-02034,28,72.43,2,3,1
CUST-02035,51,116.3,1,1,0
CUST-02036,58,80.77,9,1,1
CUST-02037,5,118.34,1,0,1
CUST-02038,5,104.11,3,4,1
CUST-02039,8,23.6,1,0,1
CUST-02040,64,85.84,3,0,0
CUST-02041,10,48.68,2,3,1
CUST-02042,38,75.96,8,3,1
CUST-02043,8,47.93,6,1,1
CUST-02044,25,54.89,2,3,1
CUST-02045,66,112.32,7,3,1
CUST-02046,50,40.66,8,2,1
CUST-02047,67,107.41,6,1,1
CUST-02048,49,23.05,5,1,1
CUST-02049,36,29.09,3,2,1
CUST-02050,68,105.47,4,1,0
CUST-02051,41,83.06,7,4,1
CUST-02052,62,94.72,2,4,1
CUST-02053,10,40.94,1,2,1
CUST-02054,21,73.71,2,3,1
CUST-02055,36,93.72,6,4,1
CUST-02056,12,82.73,7,2,1
CUST-02057,2,67.17,0,4,1
CUST-02058,13,115.98,6,0,1
CUST-02059,53,87.62,8,2,1
CUST-02060,32,110.78,2,1,1
CUST-02061,16,92.98,2,4,1
CUST-02062,32,93.55,7,1,1
CUST-02063,32,28.0,3,2,1
CUST-02064,11,55.95,7,4,1
CUST-02065,10,105.84,4,1,1
CUST-02066,15,43.26,2,3,1
CUST-02067,17,31.55,3,3,1
CUST-02068,40,52.61,3,0,1
CUST-02069,18,42.04,7,2,1
CUST-02070,55,112.53,5,1,1
CUST-02071,25,106.8,6,0,1
CUST-02072,59,69.97,8,2,1
CUST-02073,22,26.13,5,3,1
CUST-02074,30,91.46,2,1,1
CUST-02075,44,82.34,2,4,1
CUST-02076,32,117.06,2,3,1
CUST-02077,51,75.9,9,4,1
CUST-02078,46,53.64,1,4,1
CUST-02079,21,71.9,0,1,1
CUST-02080,32,117.93,9,1,1
CUST-02081,39,89.64,0,4,1
CUST-02082,12,87.2,3,0,1
CUST-02083,47,44.07,2,4,1
CUST-02084,18,94.36,4,4,1
CUST-02085,21,95.03,8,1,1
CUST-02086,13,51.73,7,2,1
CUST-02087,21,68.37,8,3,1
CUST-02088,8,49.46,4,1,1
CUST-02089,46,45.87,7,0,1
CUST-02090,7,22.59,3,3,1
CUST-02091,23,48.52,4,1,1
CUST-02092,22,75.4,2,1,1
CUST-02093,22,20.16,4,2,1
CUST-02094,29,48.32,2,0,1
CUST-02095,13,108.14,4,0,1
CUST-02096,2,79.36,4,1,1
CUST-02097,29,80.79,5,2,1
CUST-02098,52,60.34,8,1,1
CUST-02099,27,87.65,0,4,1
CUST-02100,50,38.99,9,4,1
CUST-02101,23,101.87,5,2,1
CUST-02102,44,31.67,0,1,0
CUST-02103,22,85.6,5,2,1
CUST-02104,43,54.11,1,1,0
CUST-02105,37,94.75,7,1,1
CUST-02106,61,74.98,2,4,1
CUST-02107,56,65.24,9,3,1
CUST-02108,3,36.94,5,0,1
CUST-02109,63,83.68,5,0,0
CUST-02110,19,117.48,3,2,1
CUST-02111,23,102.56,4,0,1
CUST-02112,29,26.0,1,4,1
CUST-02113,30,57.62,9,3,1
CUST-02114,39,112.56,9,1,1
CUST-02115,25,70.3,7,1,1
CUST-02116,8,86.21,9,4,1
CUST-02117,58,111.26,6,0,1
CUST-02118,16,107.38,9,1,1
CUST-02119,1,70.18,5,0,1
CUST-02120,5,63.76,6,4,1
CUST-02121,3,53.97,0,1,1
CUST-02122,65,91.9,4,2,1
CUST-02123,4,48.7,6,3,1
CUST-02124,64,44.99,0,0,0
CUST-02125,10,55.62,1,0,1
CUST-02126,21,37.72,8,0,1
CUST-02127,46,89.51,2,0,0
CUST-02128,27,81.62,5,4,1
CUST-02129,66,68.29,6,4,1
CUST-02130,41,59.03,8,4,1
CUST-02131,13,110.91,4,4,1
CUST-02132,9,22.91,3,1,1
CUST-02133,36,96.91,1,4,1
CUST-02134,58,110.19,2,1,0
CUST-02135,54,64.64,4,2,1
CUST-02136,12,75.07,1,4,1
CUST-02137,14,114.45,3,2,1
CUST-02138,34,41.23,0,4,1
CUST-02139,53,72.01,3,2,1
CUST-02140,20,67.47,6,3,1
CUST-02141,16,45.84,2,2,1
CUST-02142,70,101.86,9,1,1
CUST-02143,56,109.96,7,0,1
CUST-02144,58,98.19,5,2,1
CUST-02145,4,39.54,5,0,1
CUST-02146,4,28.67,0,3,1
CUST-02147,20,80.54,4,3,1
CUST-02148,10,25.71,2,1,1
CUST-02149,24,87.28,9,1,1
CUST-02150,26,73.04,0,2,1
CUST-02151,37,86.28,7,4,1
CUST-02152,54,79.02,6,3,1
CUST-02153,21,62.27,6,0,1
CUST-02154,38,40.09,9,4,1
CUST-02155,46,50.57,9,3,1
CUST-02156,4,72.45,9,2,1
CUST-02157,60,85.19,3,3,1
CUST-02158,57,97.95,5,1,1
CUST-02159,45,96.72,8,0,1
CUST-02160,20,117.27,2,0,1
CUST-02161,17,48.58,8,1,1
CUST-02162,71,27.11,3,4,1
CUST-02163,4,54.57,4,1,1
CUST-02164,14,94.33,6,0,1
CUST-02165,3,63.81,5,2,1
CUST-02166,58,101.78,9,4,1
CUST-02167,55,74.93,7,3,1
CUST-02168,4,112.98,7,2,1
CUST-02169,24,114.79,7,4,1
CUST-02170,34,26.93,2,0,1
CUST-02171,30,65.64,9,0,1
CUST-02172,19,80.97,5,2,1
CUST-02173,31,45.59,6,4,1
CUST-02174,60,60.71,8,3,1
CUST-02175,60,87.77,9,3,1
CUST-02176,19,42.67,9,1,1
CUST-02177,49,80.2,3,2,1
CUST-02178,63,89.74,4,4,1
CUST-02179,22,29.05,7,2,1
CUST-02180,24,69.75,0,3,1
CUST-02181,30,46.31,5,4,1
CUST-02182,58,92.44,3,0,0
CUST-02183,31,38.96,4,0,1
CUST-02184,64,109.22,4,4,1
CUST-02185,19,63.09,1,2,1
CUST-02186,48,39.8,7,2,1
CUST-02187,45,63.8,1,0,0
CUST-02188,55,60.87,3,0,0
CUST-02189,55,62.89,4,3,1
CUST-02190,18,78.56,0,4,1
CUST-02191,63,72.12,5,2,1
CUST-02192,47,34.98,1,3,1
CUST-02193,57,26.56,4,2,1
CUST-02194,45,92.94,5,0,1
CUST-02195,33,75.97,7,4,1
CUST-02196,17,55.9,8,1,1
CUST-02197,70,100.84,5,4,1
CUST-02198,4,58.81,4,1,1
CUST-02199,20,99.6,3,3,1
CUST-02200,47,50.58,1,1,0
CUST-02201,15,27.28,1,1,1
CUST-02202,70,113.26,6,3,1
CUST-02203,47,59.46,4,4,1
CUST-02204,9,99.27,6,3,1
CUST-02205,16,47.91,0,0,1
CUST-02206,69,84.64,0,0,0
CUST-02207,61,107.33,4,1,0
CUST-02208,10,24.16,1,3,1
CUST-02209,50,103.06,7,3,1
CUST-02210,3,77.13,2,3,1
CUST-02211,70,80.75,0,4,0
CUST-02212,51,72.32,1,2,0
CUST-02213,19,107.45,9,2,1
CUST-02214,42,24.34,9,2,1
CUST-02215,35,46.1,6,4,1
CUST-02216,46,107.58,5,3,1
CUST-02217,26,95.23,7,2,1
CUST-02218,69,21.76,6,3,1
CUST-02219,64,71.7,9,1,1
CUST-02220,37,72.96,7,2,1
CUST-02221,49,60.09,2,1,0
CUST-02222,21,49.74,5,4,1
CUST-02223,64,88.17,6,0,1
CUST-02224,5,40.78,9,4,1
CUST-02225,70,99.89,0,4,0
CUST-02226,4,100.3,0,4,1
CUST-02227,39,61.53,6,2,1
CUST-02228,35,48.35,2,1,1
CUST-02229,1,48.39,2,2,1
CUST-02230,24,68.23,4,0,1
CUST-02231,57,91.96,5,4,1
CUST-02232,70,55.89,1,3,0
CUST-02233,41,81.0,2,0,0
CUST-02234,54,58.25,5,1,1
CUST-02235,46,50.45,2,0,0
CUST-02236,60,22.49,4,2,1
CUST-02237,60,20.39,8,3,1
CUST-02238,57,42.72,2,2,1
CUST-02239,31,60.64,5,4,1
CUST-02240,24,105.13,4,4,1
CUST-02241,36,99.85,4,0,1
CUST-02242,30,46.72,5,4,1
CUST-02243,24,44.45,5,4,1
CUST-02244,30,42.73,0,1,1
CUST-02245,7,53.92,8,1,1
CUST-02246,35,69.82,4,2,1
CUST-02247,55,63.87,0,2,0
CUST-02248,14,41.83,7,1,1
CUST-02249,10,33.05,6,0,1
CUST-02250,16,21.26,6,1,1
CUST-02251,54,35.4,4,2,1
CUST-02252,70,90.54,0,3,0
CUST-02253,44,44.36,8,4,1
CUST-02254,45,66.86,8,3,1
CUST-02255,56,79.13,7,3,1
CUST-02256,57,108.68,4,4,1
CUST-02257,21,108.89,2,1,1
CUST-02258,68,94.57,7,0,1
CUST-02259,50,23.52,0,3,1
CUST-02260,33,77.51,2,0,1
CUST-02261,7,98.66,6,2,1
CUST-02262,70,21.73,3,3,1
CUST-02263,15,74.97,6,2,1
CUST-02264,32,105.78,4,1,1
CUST-02265,20,67.41,5,3,1
CUST-02266,15,20.41,6,2,1
CUST-02267,48,21.1,9,2,1
CUST-02268,71,61.66,6,1,1
CUST-02269,21,35.5,6,0,1
CUST-02270,42,86.45,6,0,1
CUST-02271,26,90.88,6,3,1
CUST-02272,14,37.79,2,1,1
CUST-02273,57,108.85,2,3,1
CUST-02274,37,64.19,6,0,1
CUST-02275,58,34.28,1,1,0
CUST-02276,21,96.43,1,4,1
CUST-02277,69,99.0,2,1,0
CUST-02278,3,83.93,3,1,1
CUST-02279,37,105.35,5,4,1
CUST-02280,49,93.74,7,2,1
CUST-02281,19,108.22,9,2,1
CUST-02282,12,63.39,9,2,1
CUST-02283,61,94.76,6,0,1
CUST-02284,41,119.98,3,1,1
CUST-02285,33,92.49,1,4,1
CUST-02286,50,31.42,1,0,0
CUST-02287,68,71.83,3,4,1
CUST-02288,71,78.73,5,0,0
CUST-02289,33,37.42,2,0,1
CUST-02290,24,116.29,5,0,1
CUST-02291,61,37.56,4,4,1
CUST-02292,61,37.76,4,3,1
CUST-02293,28,111.52,1,0,0
CUST-02294,58,66.52,7,2,1
CUST-02295,43,26.32,4,1,1
CUST-02296,41,79.82,1,3,1
CUST-02297,39,80.18,6,3,1
CUST-02298,49,26.45,8,4,1
CUST-02299,17,117.25,8,3,1
CUST-02300,70,74.4,0,4,0
CUST-02301,70,75.98,6,4,1
CUST-02302,65,72.01,8,2,1
CUST-02303,5,81.07,5,0,1
CUST-02304,2,46.43,0,3,1
CUST-02305,22,48.72,1,0,1
CUST-02306,57,71.13,3,0,0
CUST-02307,66,100.67,3,0,0
CUST-02308,16,24.99,1,4,1
CUST-02309,51,80.34,7,0,1
CUST-02310,39,100.68,1,3,1
CUST-02311,40,35.69,2,4,1
CUST-02312,38,21.5,3,3,1
CUST-02313,60,51.27,8,4,1
CUST-02314,59,78.81,9,1,1
CUST-02315,10,33.83,0,1,1
CUST-02316,64,62.61,7,1,1
CUST-02317,63,75.23,4,1,0
CUST-02318,49,79.89,6,4,1
CUST-02319,64,47.44,7,0,1
CUST-02320,32,60.0,4,2,1
CUST-02321,7,97.83,7,2,1
CUST-02322,21,114.12,9,1,1
CUST-02323,20,106.19,7,0,1
CUST-02324,26,76.43,8,3,1
CUST-02325,68,61.03,1,0,0
CUST-02326,15,53.3,2,3,1
CUST-02327,14,32.5,0,2,1
CUST-02328,27,30.66,3,0,1
CUST-02329,40,88.84,4,0,1
CUST-02330,58,45.98,0,2,0
CUST-02331,28,45.47,7,0,1
CUST-02332,26,119.82,1,3,1
CUST-02333,63,38.79,0,0,0
CUST-02334,66,34.81,1,3,1
CUST-02335,25,29.87,4,1,1
CUST-02336,3,77.98,8,0,1
CUST-02337,44,82.79,8,3,1
CUST-02338,42,56.52,1,2,1
CUST-02339,6,73.54,1,1,1
CUST-02340,39,98.84,2,0,0
CUST-02341,52,101.81,6,3,1
CUST-02342,23,115.79,2,0,1
CUST-02343,50,102.43,0,3,0
CUST-02344,43,76.48,5,0,1
CUST-02345,19,37.97,2,1,1
CUST-02346,69,29.98,0,1,0
CUST-02347,51,25.45,3,0,1
CUST-02348,11,86.65,0,0,1
CUST-02349,12,100.75,0,4,1
CUST-02350,8,70.87,1,0,1
CUST-02351,24,25.47,9,0,1
CUST-02352,41,73.55,7,1,1
CUST-02353,36,113.57,1,0,0
CUST-02354,55,79.76,1,2,0
CUST-02355,9,100.94,9,0,1
CUST-02356,47,100.02,9,4,1
CUST-02357,15,113.21,7,3,1
CUST-02358,48,97.02,5,1,1
CUST-02359,42,94.77,3,2,1
CUST-02360,60,43.41,2,3,1
CUST-02361,70,25.99,0,2,0
CUST-02362,12,71.76,2,1,1
CUST-02363,2,32.44,8,4,1
CUST-02364,7,116.22,4,1,1
CUST-02365,3,48.99,5,2,1
CUST-02366,3,105.29,4,2,1
CUST-02367,27,58.76,0,1,1
CUST-02368,40,52.32,9,0,1
CUST-02369,33,113.52,0,1,0
CUST-02370,1,56.33,3,4,1
CUST-02371,8,59.03,2,1,1
CUST-02372,32,30.61,7,3,1
CUST-02373,48,87.04,6,0,1
CUST-02374,4,48.88,6,3,1
CUST-02375,70,78.56,7,1,1
CUST-02376,19,79.14,9,0,1
CUST-02377,32,91.92,6,3,1
CUST-02378,9,94.52,9,3,1
CUST-02379,12,71.45,1,0,1
CUST-02380,11,53.1,3,0,1
CUST-02381,46,103.75,5,2,1
CUST-02382,16,50.99,2,0,1
CUST-02383,1,70.75,2,1,1
CUST-02384,63,60.13,5,4,1
CUST-02385,21,105.51,0,2,1
CUST-02386,30,63.19,0,0,0
CUST-02387,13,58.61,4,4,1
CUST-02388,34,88.98,0,2,1
CUST-02389,4,80.24,9,1,1
CUST-02390,28,30.72,7,4,1
CUST-02391,59,70.82,1,0,0
CUST-02392,27,93.55,5,0,1
CUST-02393,69,119.21,9,1,1
CUST-02394,25,82.91,9,2,1
CUST-02395,3,57.03,4,4,1
CUST-02396,68,42.62,9,1,1
CUST-02397,25,107.28,3,2,1
CUST-02398,20,101.46,0,3,1
CUST-02399,34,43.39,2,3,1
CUST-02400,26,40.06,3,2,1
CUST-02401,5,91.51,1,0,1
CUST-02402,61,51.5,1,0,0
CUST-02403,9,50.64,1,3,1
CUST-02404,50,35.23,0,0,0
CUST-02405,6,46.4,9,0,1
CUST-02406,60,62.75,1,2,0
CUST-02407,44,93.28,5,2,1
CUST-02408,11,53.63,2,0,1
CUST-02409,66,52.86,9,2,1
CUST-02410,47,48.49,4,4,1
CUST-02411,3,67.83,0,3,1
CUST-02412,30,38.06,7,4,1
CUST-02413,21,68.56,3,4,1
CUST-02414,28,90.42,8,0,1
CUST-02415,62,22.98,3,0,0
CUST-02416,33,20.98,1,4,1
CUST-02417,35,27.51,2,4,1
CUST-02418,52,73.57,4,1,1
CUST-02419,34,105.45,9,1,1
CUST-02420,41,20.49,5,3,1
CUST-02421,51,113.67,6,4,1
CUST-02422,47,30.63,3,2,1
CUST-02423,58,104.2,6,1,1
CUST-02424,57,68.29,9,0,1
CUST-02425,23,85.94,2,4,1
CUST-02426,48,71.07,6,2,1
CUST-02427,22,67.7,3,2,1
CUST-02428,17,103.49,7,2,1
CUST-02429,69,95.59,8,0,1
CUST-02430,11,68.34,6,1,1
CUST-02431,15,31.16,7,2,1
CUST-02432,35,31.54,7,1,1
CUST-02433,33,100.15,1,3,1
CUST-02434,16,72.94,8,0,1
CUST-02435,34,68.16,5,1,1
CUST-02436,66,88.06,3,1,0
CUST-02437,40,105.88,4,2,1
CUST-02438,28,82.89,9,2,1
CUST-02439,47,96.28,4,0,0
CUST-02440,39,96.53,6,1,1
CUST-02441,70,55.63,8,4,1
CUST-02442,20,47.41,6,2,1
CUST-02443,1,100.12,8,2,1
CUST-02444,63,57.72,3,3,1
CUST-02445,67,110.33,9,0,1
CUST-02446,4,26.97,9,1,1
CUST-02447,58,25.82,3,1,1
CUST-02448,25,112.7,5,1,1
CUST-02449,47,84.85,7,2,1
CUST-02450,38,57.96,8,0,1
CUST-02451,15,95.51,0,1,1
CUST-02452,63,87.23,0,4,0
CUST-02453,21,73.12,7,3,1
CUST-02454,57,29.89,6,3,1
CUST-02455,53,101.22,8,1,1
CUST-02456,46,106.6,2,2,1
CUST-02457,14,37.22,9,3,1
CUST-02458,17,105.05,4,3,1
CUST-02459,39,107.78,2,3,1
CUST-02460,9,74.94,4,3,1
CUST-02461,6,85.62,9,1,1
CUST-02462,23,58.22,0,0,0
CUST-02463,59,48.18,3,0,0
CUST-02464,46,92.2,5,2,1
CUST-02465,38,106.19,1,4,1
CUST-02466,14,85.41,6,0,1
CUST-02467,62,71.16,7,4,1
CUST-02468,35,35.89,0,0,0
CUST-02469,19,25.35,3,0,1
CUST-02470,30,64.57,3,2,1
CUST-02471,25,24.93,4,3,1
CUST-02472,40,76.93,3,2,1
CUST-02473,14,58.27,8,0,1
CUST-02474,26,95.72,6,3,1
CUST-02475,22,50.56,1,3,1
CUST-02476,48,79.3,0,3,1
CUST-02477,51,73.77,8,4,1
CUST-02478,3,20.47,0,0,1
CUST-02479,42,27.24,5,1,1
CUST-02480,19,49.04,1,2,1
CUST-02481,28,108.22,3,4,1
CUST-02482,45,34.7,5,2,1
CUST-02483,71,91.09,4,1,0
CUST-02484,63,117.34,5,3,1
CUST-02485,19,99.06,2,1,1
CUST-02486,47,44.29,4,2,1
CUST-02487,14,110.84,1,1,1
CUST-02488,38,29.31,6,0,1
CUST-02489,53,66.81,2,1,0
CUST-02490,61,108.75,0,0,0
CUST-02491,36,84.13,7,1,1
CUST-02492,40,61.36,7,0,1
CUST-02493,30,49.28,2,0,1
CUST-02494,9,57.51,6,1,1
CUST-02495,64,70.89,8,4,1
CUST-02496,33,51.9,7,3,1
CUST-02497,52,116.9,2,3,1
CUST-02498,14,113.31,1,3,1
CUST-02499,53,107.07,9,0,1
CUST-02500,59,62.18,6,3,1
CUST-02501,41,89.13,6,0,1
CUST-02502,68,110.28,8,4,1
CUST-02503,68,105.04,4,1,0
CUST-02504,8,61.43,3,1,1
CUST-02505,2,31.24,7,0,1
CUST-02506,41,27.56,3,0,1
CUST-02507,55,77.71,3,4,1
CUST-02508,16,84.26,1,3,1
CUST-02509,62,104.98,0,4,0
CUST-02510,48,49.25,3,1,1
CUST-02511,30,36.75,6,1,1
CUST-02512,12,57.9,8,3,1
CUST-02513,35,55.36,8,1,1
CUST-02514,11,33.25,9,0,1
CUST-02515,64,87.23,0,1,0
CUST-02516,50,70.87,4,2,1
CUST-02517,21,92.11,6,3,1
CUST-02518,69,55.27,6,3,1
CUST-02519,48,52.57,9,3,1
CUST-02520,20,67.26,5,2,1
CUST-02521,67,107.74,9,4,1
CUST-02522,44,24.03,3,0,1
CUST-02523,33,100.48,2,3,1
CUST-02524,61,56.9,8,1,1
CUST-02525,9,105.46,9,0,1
CUST-02526,68,100.22,3,1,0
CUST-02527,35,54.88,7,0,1
CUST-02528,65,89.39,0,0,0
CUST-02529,8,35.96,6,1,1
CUST-02530,45,109.63,5,1,1
CUST-02531,47,60.45,0,0,0
CUST-02532,40,65.56,3,3,1
CUST-02533,54,90.58,4,1,1
CUST-02534,46,102.08,7,2,1
CUST-02535,47,43.63,3,2,1
CUST-02536,15,86.14,2,0,1
CUST-02537,19,59.2,1,4,1
CUST-02538,26,56.87,3,0,1
CUST-02539,52,89.0,9,0,1
CUST-02540,22,58.72,3,3,1
CUST-02541,21,54.61,9,3,1
CUST-02542,51,103.59,4,4,1
CUST-02543,38,30.13,6,4,1
CUST-02544,20,87.59,8,4,1
CUST-02545,29,44.87,1,4,1
CUST-02546,51,21.55,4,4,1
CUST-02547,4,36.68,9,0,1
CUST-02548,55,80.67,8,0,1
CUST-02549,71,90.91,2,2,0
CUST-02550,28,22.11,0,2,1
CUST-02551,4,23.64,1,1,1
CUST-02552,22,110.25,5,0,1
CUST-02553,45,27.33,4,4,1
CUST-02554,67,109.42,0,1,0
CUST-02555,66,42.82,0,3,0
CUST-02556,34,94.0,3,0,1
CUST-02557,55,50.97,3,2,1
CUST-02558,1,105.88,5,0,1
CUST-02559,38,90.05,5,0,1
CUST-02560,6,60.18,9,0,1
CUST-02561,25,27.63,5,0,1
CUST-02562,17,93.27,0,3,1
CUST-02563,61,81.69,9,2,1
CUST-02564,12,20.29,8,0,1
CUST-02565,6,20.94,6,3,1
CUST-02566,27,100.88,6,1,1
CUST-02567,8,45.94,6,0,1
CUST-02568,65,83.61,1,3,0
CUST-02569,57,65.42,1,4,1
CUST-02570,40,106.34,5,1,1
CUST-02571,14,111.7,6,2,1
CUST-02572,35,119.68,2,0,0
CUST-02573,48,35.37,3,0,1
CUST-02574,56,106.3,2,3,1
CUST-02575,49,46.6,6,2,1
CUST-02576,13,79.08,6,4,1
CUST-02577,61,70.58,3,1,0
CUST-02578,49,21.8,6,2,1
CUST-02579,46,113.28,4,0,0
CUST-02580,62,27.83,0,3,0
CUST-02581,8,88.82,9,4,1
CUST-02582,43,98.5,3,3,1
CUST-02583,20,99.53,6,1,1
CUST-02584,39,33.55,1,2,1
CUST-02585,49,64.76,1,3,1
CUST-02586,64,102.94,0,3,0
CUST-02587,62,50.27,1,0,0
CUST-02588,54,66.77,9,3,1
CUST-02589,9,47.28,7,4,1
CUST-02590,37,66.36,7,2,1
CUST-02591,49,108.78,7,1,1
CUST-02592,41,65.51,0,3,1
CUST-02593,17,75.59,0,4,1
CUST-02594,21,60.4,9,1,1
CUST-02595,51,66.01,3,4,1
CUST-02596,59,21.52,5,3,1
CUST-02597,39,48.37,7,3,1
CUST-02598,55,63.66,1,2,0
CUST-02599,41,83.38,2,0,0
CUST-02600,39,65.01,5,4,1
CUST-02601,13,53.78,9,0,1
CUST-02602,64,58.81,3,0,0
CUST-02603,11,44.23,1,1,1
CUST-02604,19,112.45,6,1,1
CUST-02605,11,72.17,3,4,1
CUST-02606,46,21.34,7,0,1
CUST-02607,45,21.94,7,2,1
CUST-02608,1,117.3,6,0,1
CUST-02609,40,42.15,9,1,1
CUST-02610,19,100.56,8,0,1
CUST-02611,61,25.83,3,3,1
CUST-02612,12,112.12,6,3,1
CUST-02613,61,107.44,9,2,1
CUST-02614,33,77.11,9,4,1
CUST-02615,45,20.9,0,0,0
CUST-02616,69,45.78,3,3,1
CUST-02617,8,60.68,1,4,1
CUST-02618,25,66.01,8,3,1
CUST-02619,46,49.77,4,4,1
CUST-02620,30,23.29,2,4,1
CUST-02621,47,79.01,3,3,1
CUST-02622,49,72.42,5,1,1
CUST-02623,47,48.3,9,4,1
CUST-02624,18,23.8,0,0,1
CUST-02625,66,119.46,6,3,1
CUST-02626,68,68.2,7,1,1
CUST-02627,33,95.6,6,3,1
CUST-02628,36,65.23,6,2,1
CUST-02629,19,24.32,8,0,1
CUST-02630,28,50.96,3,2,1
CUST-02631,40,52.01,6,4,1
CUST-02632,15,103.84,8,4,1
CUST-02633,41,85.42,4,2,1
CUST-02634,39,47.54,1,2,1
CUST-02635,2,116.77,4,4,1
CUST-02636,63,52.15,3,1,0
CUST-02637,29,119.82,7,0,1
CUST-02638,66,119.62,4,3,1
CUST-02639,51,39.12,8,2,1
CUST-02640,10,51.27,8,0,1
CUST-02641,14,68.6,2,3,1
CUST-02642,51,86.41,9,3,1
CUST-02643,39,72.8,5,2,1
CUST-02644,28,116.94,5,1,1
CUST-02645,3,92.4,3,1,1
CUST-02646,70,41.2,9,0,1
CUST-02647,27,30.51,2,0,1
CUST-02648,2,88.84,0,4,1
CUST-02649,38,35.85,6,1,1
CUST-02650,3,98.77,4,0,1
CUST-02651,16,51.1,9,4,1
CUST-02652,40,52.69,6,3,1
CUST-02653,2,21.08,0,0,1
CUST-02654,41,90.1,7,4,1
CUST-02655,12,31.33,2,1,1
CUST-02656,35,97.29,6,3,1
CUST-02657,65,69.19,2,0,0
CUST-02658,55,98.43,2,1,0
CUST-02659,45,78.39,9,3,1
CUST-02660,62,28.24,8,2,1
CUST-02661,49,96.57,1,1,0
CUST-02662,25,26.98,3,2,1
CUST-02663,23,67.87,5,0,1
CUST-02664,24,37.23,2,4,1
CUST-02665,38,95.23,9,0,1
CUST-02666,28,111.16,9,1,1
CUST-02667,21,75.41,6,2,1
CUST-02668,54,72.71,6,2,1
CUST-02669,18,96.4,4,3,1
CUST-02670,36,20.51,2,0,1
CUST-02671,45,111.78,1,0,0
CUST-02672,53,39.74,3,1,1
CUST-02673,30,118.41,3,2,1
CUST-02674,60,93.63,7,1,1
CUST-02675,32,97.43,7,1,1
CUST-02676,67,85.62,4,2,1
CUST-02677,67,67.17,5,1,1
CUST-02678,28,77.16,7,2,1
CUST-02679,44,24.64,0,1,0
CUST-02680,41,82.4,4,4,1
CUST-02681,63,82.61,3,1,0
CUST-02682,23,109.12,3,1,1
CUST-02683,48,70.57,1,4,1
CUST-02684,32,27.71,9,0,1
CUST-02685,57,50.62,0,2,0
CUST-02686,33,85.56,5,3,1
CUST-02687,24,43.93,6,4,1
CUST-02688,39,48.05,4,0,1
CUST-02689,34,102.05,7,1,1
CUST-02690,56,78.43,8,0,1
CUST-02691,28,70.85,1,4,1
CUST-02692,37,51.85,3,1,1
CUST-02693,7,93.09,8,0,1
CUST-02694,68,48.77,4,3,1
CUST-02695,37,93.71,2,2,1
CUST-02696,56,27.01,5,2,1
CUST-02697,65,106.45,2,4,1
CUST-02698,65,69.96,4,1,0
CUST-02699,47,63.85,2,1,1
CUST-02700,20,81.1,5,2,1
CUST-02701,19,82.42,9,0,1
CUST-02702,29,33.2,4,1,1
CUST-02703,60,95.62,8,3,1
CUST-02704,18,47.59,2,3,1
CUST-02705,35,110.5,5,1,1
CUST-02706,43,101.79,7,1,1
CUST-02707,11,54.63,6,2,1
CUST-02708,49,100.77,5,4,1
CUST-02709,38,55.64,1,2,1
CUST-02710,64,30.09,6,4,1
CUST-02711,69,116.19,7,3,1
CUST-02712,8,85.26,0,4,1
CUST-02713,34,65.61,8,2,1
CUST-02714,48,59.78,3,1,1
CUST-02715,56,52.47,7,4,1
CUST-02716,65,118.14,9,2,1
CUST-02717,31,33.47,6,3,1
CUST-02718,4,51.48,9,4,1
CUST-02719,50,68.55,6,3,1
CUST-02720,69,67.8,1,3,0
CUST-02721,30,67.14,0,0,0
CUST-02722,59,37.58,3,4,1
CUST-02723,67,34.49,1,2,0
CUST-02724,45,45.48,7,4,1
CUST-02725,4,111.45,9,4,1
CUST-02726,26,31.31,6,3,1
CUST-02727,27,95.74,7,3,1
CUST-02728,46,95.75,5,3,1
CUST-02729,64,100.98,0,3,0
CUST-02730,51,108.66,8,2,1
CUST-02731,50,46.3,5,1,1
CUST-02732,6,42.46,9,0,1
CUST-02733,59,66.55,0,3,0
CUST-02734,15,46.51,0,3,1
CUST-02735,30,93.43,7,0,1
CUST-02736,42,83.59,5,3,1
CUST-02737,37,107.5,7,1,1
CUST-02738,42,28.27,7,4,1
CUST-02739,35,111.51,7,0,1
CUST-02740,6,49.33,9,2,1
CUST-02741,68,69.07,6,0,1
CUST-02742,18,63.86,6,1,1
CUST-02743,29,96.03,9,2,1
CUST-02744,59,62.03,3,4,1
CUST-02745,47,114.36,8,3,1
CUST-02746,17,110.25,1,0,0
CUST-02747,22,107.22,8,2,1
CUST-02748,68,27.13,9,0,1
CUST-02749,69,105.43,2,4,1
CUST-02750,37,98.16,1,0,0
CUST-02751,49,30.35,3,2,1
CUST-02752,13,30.74,4,1,1
CUST-02753,34,30.12,1,2,1
CUST-02754,53,21.13,0,0,0
CUST-02755,51,74.86,9,4,1
CUST-02756,3,117.34,4,3,1
CUST-02757,42,63.87,8,3,1
CUST-02758,32,74.08,4,4,1
CUST-02759,51,116.8,9,0,1
CUST-02760,46,45.52,8,4,1
CUST-02761,21,105.85,9,0,1
CUST-02762,44,74.64,5,2,1
CUST-02763,11,76.95,2,1,1
CUST-02764,68,54.32,3,0,0
CUST-02765,1,76.16,3,3,1
CUST-02766,63,27.31,0,3,0
CUST-02767,24,96.46,2,1,1
CUST-02768,13,48.47,2,0,1
CUST-02769,11,108.76,0,1,1
CUST-02770,51,56.79,8,2,1
CUST-02771,17,34.28,0,1,1
CUST-02772,24,89.59,8,2,1
CUST-02773,19,36.46,0,3,1
CUST-02774,37,95.37,1,2,1
CUST-02775,8,116.81,1,0,1
CUST-02776,28,97.96,5,0,1
CUST-02777,5,22.24,6,0,1
CUST-02778,17,79.99,0,0,0
CUST-02779,36,89.54,2,4,1
CUST-02780,19,102.55,1,2,1
CUST-02781,64,25.6,7,0,1
CUST-02782,11,68.01,8,1,1
CUST-02783,54,73.54,1,1,0
CUST-02784,45,36.91,1,4,1
CUST-02785,47,52.24,9,2,1
CUST-02786,12,64.02,8,2,1
CUST-02787,21,103.32,3,2,1
CUST-02788,11,112.94,4,4,1
CUST-02789,5,82.84,8,2,1
CUST-02790,56,59.49,5,2,1
CUST-02791,20,45.4,9,0,1
CUST-02792,41,118.21,8,2,1
CUST-02793,46,118.3,8,0,1
CUST-02794,12,112.5,6,0,1
CUST-02795,70,98.57,9,2,1
CUST-02796,17,52.58,8,1,1
CUST-02797,19,101.7,4,3,1
CUST-02798,26,60.88,4,1,1
CUST-02799,48,52.68,7,2,1
CUST-02800,52,94.49,9,2,1
CUST-02801,70,27.97,3,1,0
CUST-02802,55,24.86,8,2,1
CUST-02803,33,64.8,6,0,1
CUST-02804,62,64.56,6,4,1
CUST-02805,23,109.56,2,2,1
CUST-02806,15,32.62,3,2,1
CUST-02807,27,32.33,6,1,1
CUST-02808,64,34.75,4,0,0
CUST-02809,51,22.97,2,1,1
CUST-02810,53,27.17,0,1,0
CUST-02811,51,85.99,6,2,1
CUST-02812,47,63.16,5,0,1
CUST-02813,4,96.36,9,2,1
CUST-02814,7,119.26,6,2,1
CUST-02815,35,85.9,1,2,1
CUST-02816,48,25.05,3,2,1
CUST-02817,45,30.46,1,4,1
CUST-02818,19,108.1,7,3,1
CUST-02819,63,72.75,6,0,1
CUST-02820,38,102.48,0,4,1
CUST-02821,67,105.66,1,3,0
CUST-02822,59,112.77,1,3,0
CUST-02823,69,114.98,3,3,0
CUST-02824,13,75.48,2,4,1
CUST-02825,47,54.1,0,0,0
CUST-02826,61,116.19,1,1,0
CUST-02827,31,74.74,8,3,1
CUST-02828,22,26.43,0,1,1
CUST-02829,43,84.28,8,1,1
CUST-02830,67,78.77,6,2,1
CUST-02831,54,109.58,1,1,0
CUST-02832,10,85.32,1,2,1
CUST-02833,42,54.91,4,0,1
CUST-02834,64,116.62,4,0,0
CUST-02835,21,100.16,3,2,1
CUST-02836,66,83.04,9,0,1
CUST-02837,41,49.29,9,3,1
CUST-02838,24,57.35,2,0,1
CUST-02839,35,87.0,3,2,1
CUST-02840,56,27.2,9,3,1
CUST-02841,30,45.67,3,1,1
CUST-02842,57,91.39,1,1,0
CUST-02843,47,68.0,4,1,1
CUST-02844,35,60.24,4,2,1
CUST-02845,19,35.15,4,1,1
CUST-02846,8,64.18,9,0,1
CUST-02847,26,97.07,0,1,0
CUST-02848,71,46.4,5,4,1
CUST-02849,30,20.54,1,4,1
CUST-02850,7,86.85,6,1,1
CUST-02851,67,117.26,3,1,0
CUST-02852,65,80.68,4,4,1
CUST-02853,36,31.99,4,1,1
CUST-02854,25,52.07,4,3,1
CUST-02855,37,106.76,1,4,1
CUST-02856,1,43.26,4,2,1
CUST-02857,15,80.77,2,4,1
CUST-02858,37,60.27,3,0,1
CUST-02859,13,40.78,1,3,1
CUST-02860,8,101.34,3,2,1
CUST-02861,5,94.28,8,1,1
CUST-02862,60,86.16,7,0,1
CUST-02863,1,43.63,2,0,1
CUST-02864,36,29.79,0,3,1
CUST-02865,35,77.62,0,2,1
CUST-02866,66,75.37,5,0,0
CUST-02867,63,38.84,2,2,1
CUST-02868,23,25.62,3,2,1
CUST-02869,9,28.07,0,0,1
CUST-02870,34,119.28,7,2,1
CUST-02871,46,98.36,0,3,0
CUST-02872,4,112.2,4,0,1
CUST-02873,30,39.51,5,3,1
CUST-02874,3,116.06,1,3,1
CUST-02875,14,34.27,6,2,1
CUST-02876,60,70.91,6,2,1
CUST-02877,45,102.97,0,0,0
CUST-02878,34,54.98,3,1,1
CUST-02879,45,62.48,3,0,1
CUST-02880,61,32.82,4,3,1
CUST-02881,16,32.29,0,2,1
CUST-02882,66,81.96,0,3,0
CUST-02883,40,87.55,6,4,1
CUST-02884,17,97.73,8,4,1
CUST-02885,34,75.67,0,3,1
CUST-02886,16,84.58,1,1,1
CUST-02887,60,21.35,5,1,1
CUST-02888,66,36.22,5,0,1
CUST-02889,66,118.49,1,0,0
CUST-02890,13,27.6,8,0,1
CUST-02891,56,87.88,3,2,1
CUST-02892,31,37.61,6,1,1
CUST-02893,34,91.67,5,3,1
CUST-02894,39,90.6,2,4,1
CUST-02895,67,43.42,7,1,1
CUST-02896,8,46.96,6,1,1
CUST-02897,55,85.48,8,1,1
CUST-02898,27,59.01,2,0,1
CUST-02899,53,39.45,0,2,0
CUST-02900,39,93.17,1,3,1
CUST-02901,65,35.41,0,0,0
CUST-02902,17,105.56,4,2,1
CUST-02903,30,71.47,9,1,1
CUST-02904,53,30.57,1,2,1
CUST-02905,13,89.41,2,0,1
CUST-02906,21,71.92,7,1,1
CUST-02907,19,49.81,9,0,1
CUST-02908,53,62.25,4,3,1
CUST-02909,19,49.83,3,1,1
CUST-02910,57,46.3,4,2,1
CUST-02911,25,36.36,9,0,1
CUST-02912,31,56.28,5,4,1
CUST-02913,55,45.1,6,2,1
CUST-02914,23,88.34,8,2,1
CUST-02915,32,88.39,0,1,0
CUST-02916,62,70.18,3,2,1
CUST-02917,10,97.79,8,0,1
CUST-02918,54,104.13,4,4,1
CUST-02919,52,77.98,7,3,1
CUST-02920,20,81.89,0,4,1
CUST-02921,32,48.29,3,0,1
CUST-02922,14,109.49,8,1,1
CUST-02923,50,22.42,0,0,0
CUST-02924,28,54.86,0,2,1
CUST-02925,53,92.18,3,1,0
CUST-02926,24,28.01,2,3,1
CUST-02927,22,38.32,6,3,1
CUST-02928,30,78.93,2,0,1
CUST-02929,63,76.0,0,2,0
CUST-02930,4,93.89,9,3,1
CUST-02931,59,101.26,1,4,1
CUST-02932,8,32.86,9,1,1
CUST-02933,12,21.84,3,4,1
CUST-02934,31,88.96,0,3,1
CUST-02935,34,50.14,0,3,1
CUST-02936,49,82.6,7,0,1
CUST-02937,57,35.05,6,0,1
CUST-02938,26,66.9,7,1,1
CUST-02939,18,70.44,3,0,1
CUST-02940,38,78.51,5,2,1
CUST-02941,50,71.32,2,1,0
CUST-02942,8,69.57,7,2,1
CUST-02943,41,53.27,3,0,1
CUST-02944,6,27.12,2,1,1
CUST-02945,69,28.95,3,3,1
CUST-02946,44,63.38,5,4,1
CUST-02947,64,55.58,6,3,1
CUST-02948,29,71.61,6,2,1
CUST-02949,28,50.48,3,3,1
CUST-02950,11,88.79,7,3,1
CUST-02951,65,106.4,6,4,1
CUST-02952,19,49.89,1,4,1
CUST-02953,9,39.3,7,3,1
CUST-02954,27,31.62,8,4,1
CUST-02955,34,81.63,4,3,1
CUST-02956,44,64.39,3,1,1
CUST-02957,68,38.8,3,3,1
CUST-02958,15,85.31,3,0,1
CUST-02959,51,34.85,5,4,1
CUST-02960,13,75.43,3,4,1
CUST-02961,49,72.71,6,2,1
CUST-02962,70,93.42,6,2,1
CUST-02963,56,25.51,4,0,1
CUST-02964,51,108.79,4,4,1
CUST-02965,37,90.3,9,4,1
CUST-02966,17,41.61,7,2,1
CUST-02967,58,38.34,6,2,1
CUST-02968,29,63.17,6,3,1
CUST-02969,33,101.76,5,4,1
CUST-02970,60,104.29,6,4,1
CUST-02971,55,72.05,6,3,1
CUST-02972,10,106.08,9,4,1
CUST-02973,47,20.54,1,0,0
CUST-02974,23,23.52,9,2,1
CUST-02975,21,111.18,1,2,1
CUST-02976,13,97.53,9,2,1
CUST-02977,33,65.07,6,1,1
CUST-02978,24,95.36,9,0,1
CUST-02979,11,115.56,6,0,1
CUST-02980,17,97.21,6,3,1
CUST-02981,68,104.24,4,1,0
CUST-02982,47,96.06,0,4,1
CUST-02983,25,36.82,1,0,1
CUST-02984,21,103.36,8,1,1
CUST-02985,12,39.51,7,1,1
CUST-02986,37,109.26,7,0,1
CUST-02987,42,65.86,9,3,1
CUST-02988,17,87.7,0,1,1
CUST-02989,48,69.72,5,2,1
CUST-02990,28,29.4,8,1,1
CUST-02991,41,49.07,7,4,1
CUST-02992,47,118.37,2,0,0
CUST-02993,18,116.07,3,4,1
CUST-02994,71,52.05,2,3,1
CUST-02995,13,119.63,5,2,1
CUST-02996,13,104.56,8,0,1
CUST-02997,31,81.1,7,1,1
CUST-02998,2,24.01,9,2,1
CUST-02999,16,110.14,3,1,1
CUST-03000,9,75.74,1,3,1
CUST-03001,38,106.85,7,0,1
CUST-03002,54,103.44,7,3,1
CUST-03003,56,103.3,5,3,1
CUST-03004,45,89.82,7,3,1
CUST-03005,34,49.14,8,3,1
CUST-03006,9,53.62,0,1,1
CUST-03007,8,50.85,8,4,1
CUST-03008,7,22.0,1,1,1
CUST-03009,36,78.26,0,2,1
CUST-03010,18,89.88,7,3,1
CUST-03011,3,105.39,7,2,1
CUST-03012,28,34.02,3,1,1
CUST-03013,70,74.42,7,3,1
CUST-03014,44,20.8,6,1,1
CUST-03015,21,29.51,1,3,1
CUST-03016,28,25.42,4,1,1
CUST-03017,54,92.55,9,0,1
CUST-03018,54,28.11,3,4,1
CUST-03019,65,91.65,2,4,1
CUST-03020,21,44.96,0,3,1
CUST-03021,13,107.77,4,0,1
CUST-03022,57,101.31,9,2,1
CUST-03023,49,115.78,7,0,1
CUST-03024,54,108.38,8,3,1
CUST-03025,10,113.33,6,0,1
CUST-03026,53,105.87,0,2,0
CUST-03027,44,89.34,0,3,1
CUST-03028,47,37.03,0,4,1
CUST-03029,53,47.17,1,0,0
CUST-03030,46,41.27,0,4,1
CUST-03031,13,80.36,3,4,1
CUST-03032,37,70.36,9,1,1
CUST-03033,24,106.71,8,2,1
CUST-03034,2,115.27,3,0,1
CUST-03035,14,60.49,3,4,1
CUST-03036,10,70.64,6,4,1
CUST-03037,35,117.15,8,2,1
CUST-03038,25,47.62,6,4,1
CUST-03039,3,99.24,0,4,1
CUST-03040,17,42.52,0,4,1
CUST-03041,12,88.15,3,4,1
CUST-03042,54,45.36,3,1,1
CUST-03043,24,108.37,0,1,0
CUST-03044,29,76.15,5,3,1
CUST-03045,43,38.59,9,0,1
CUST-03046,25,42.44,1,2,1
CUST-03047,60,69.38,4,3,1
CUST-03048,65,116.16,7,1,1
CUST-03049,28,96.96,2,1,1
CUST-03050,16,68.83,8,1,1
CUST-03051,47,53.77,6,3,1
CUST-03052,58,74.93,8,1,1
CUST-03053,27,94.84,0,3,1
CUST-03054,53,98.39,4,1,1
CUST-03055,42,52.46,2,4,1
CUST-03056,59,92.12,3,4,1
CUST-03057,47,85.78,3,0,0
CUST-03058,34,115.91,6,1,1
CUST-03059,37,113.11,9,0,1
CUST-03060,6,98.94,7,3,1
CUST-03061,7,92.34,9,0,1
CUST-03062,25,47.4,4,1,1
CUST-03063,33,104.6,9,3,1
CUST-03064,55,62.75,6,3,1
CUST-03065,58,47.22,2,4,1
CUST-03066,7,58.42,2,3,1
CUST-03067,57,103.59,2,3,1
CUST-03068,12,34.86,3,0,1
CUST-03069,16,65.62,5,3,1
CUST-03070,43,69.24,4,2,1
CUST-03071,7,23.66,7,4,1
CUST-03072,51,39.57,4,4,1
CUST-03073,32,102.67,4,3,1
CUST-03074,8,103.08,9,0,1
CUST-03075,45,49.24,1,4,1
CUST-03076,59,107.49,4,4,1
CUST-03077,4,97.18,6,2,1
CUST-03078,67,61.79,1,3,0
CUST-03079,29,94.84,5,4,1
CUST-03080,29,116.13,6,4,1
CUST-03081,28,65.9,4,4,1
CUST-03082,44,43.84,8,4,1
CUST-03083,4,114.18,3,0,1
CUST-03084,9,80.37,9,1,1
CUST-03085,5,30.53,0,2,1
CUST-03086,56,77.27,7,0,1
CUST-03087,50,70.06,7,2,1
CUST-03088,15,105.56,6,4,1
CUST-03089,32,73.07,7,2,1
CUST-03090,28,45.52,1,3,1
CUST-03091,22,87.56,2,3,1
CUST-03092,17,74.26,8,1,1
CUST-03093,59,43.3,0,1,0
CUST-03094,71,77.36,7,2,1
CUST-03095,57,102.15,7,0,1
CUST-03096,26,22.86,6,0,1
CUST-03097,25,83.09,4,4,1
CUST-03098,10,54.96,3,0,1
CUST-03099,45,49.27,9,1,1
CUST-03100,11,59.26,9,0,1
CUST-03101,53,54.2,9,4,1
CUST-03102,68,103.22,9,3,1
CUST-03103,28,47.48,5,0,1
CUST-03104,65,93.32,0,0,0
CUST-03105,49,29.41,4,1,1
CUST-03106,47,115.14,3,2,1
CUST-03107,52,82.23,3,3,1
CUST-03108,54,90.67,6,2,1
CUST-03109,60,49.8,8,4,1
CUST-03110,57,61.21,7,4,1
CUST-03111,47,42.38,7,2,1
CUST-03112,31,113.25,4,1,1
CUST-03113,46,68.81,5,1,1
CUST-03114,26,83.04,1,1,1
CUST-03115,5,93.43,2,3,1
CUST-03116,52,57.11,4,4,1
CUST-03117,54,92.01,1,4,1
CUST-03118,33,87.6,2,4,1
CUST-03119,50,90.57,3,3,1
CUST-03120,38,68.92,5,4,1
CUST-03121,27,58.29,4,2,1
CUST-03122,15,42.21,9,0,1
CUST-03123,61,102.46,3,3,1
CUST-03124,21,80.84,1,0,1
CUST-03125,46,64.44,4,2,1
CUST-03126,69,114.4,4,1,0
CUST-03127,6,24.78,6,1,1
CUST-03128,38,105.02,0,1,0
CUST-03129,62,119.76,3,3,1
CUST-03130,62,108.69,4,1,0
CUST-03131,46,101.04,7,3,1
CUST-03132,13,57.43,7,3,1
CUST-03133,3,43.13,0,0,1
CUST-03134,6,93.49,4,1,1
CUST-03135,8,50.46,9,4,1
CUST-03136,44,37.6,0,1,0
CUST-03137,33,98.65,0,1,0
CUST-03138,50,51.25,1,1,0
CUST-03139,11,111.44,1,4,1
CUST-03140,28,104.06,8,4,1
CUST-03141,70,104.76,3,3,0
CUST-03142,41,97.16,2,4,1
CUST-03143,16,108.09,0,3,1
CUST-03144,68,100.57,1,0,0
CUST-03145,48,80.25,5,3,1
CUST-03146,56,49.58,8,1,1
CUST-03147,64,108.82,4,2,1
CUST-03148,59,104.06,3,2,0
CUST-03149,62,67.29,4,1,1
CUST-03150,11,23.91,8,3,1
CUST-03151,18,83.85,6,1,1
CUST-03152,19,25.06,7,4,1
CUST-03153,55,112.63,3,3,1
CUST-03154,26,116.16,7,1,1
CUST-03155,6,38.95,5,4,1
CUST-03156,4,87.64,4,4,1
CUST-03157,29,29.23,6,3,1
CUST-03158,59,92.95,5,0,0
CUST-03159,17,54.73,2,0,1
CUST-03160,43,88.11,4,4,1
CUST-03161,66,57.29,8,0,1
CUST-03162,34,34.56,6,4,1
CUST-03163,8,60.61,3,0,1
CUST-03164,13,31.27,6,4,1
CUST-03165,8,77.69,4,4,1
CUST-03166,65,24.1,1,4,1
CUST-03167,43,72.73,5,4,1
CUST-03168,39,108.64,6,2,1
CUST-03169,59,103.79,7,0,1
CUST-03170,44,108.28,5,4,1
CUST-03171,9,112.2,7,1,1
CUST-03172,37,30.45,6,3,1
CUST-03173,36,32.87,1,1,1
CUST-03174,28,75.7,5,1,1
CUST-03175,42,109.4,8,2,1
CUST-03176,43,117.43,5,0,1
CUST-03177,42,24.63,3,2,1
CUST-03178,66,55.58,6,0,1
CUST-03179,55,41.29,2,4,1
CUST-03180,48,95.6,4,2,1
CUST-03181,22,84.02,0,3,1
CUST-03182,27,31.99,9,0,1
CUST-03183,67,68.35,2,2,0
CUST-03184,13,88.54,7,3,1
CUST-03185,45,97.9,8,1,1
CUST-03186,10,22.01,8,4,1
CUST-03187,9,109.05,9,4,1
CUST-03188,54,76.93,1,1,0
CUST-03189,27,101.19,3,2,1
CUST-03190,34,100.79,4,1,1
CUST-03191,1,38.99,2,3,1
CUST-03192,32,31.02,0,0,0
CUST-03193,71,92.13,5,2,1
CUST-03194,67,35.64,9,0,1
CUST-03195,20,104.99,1,1,1
CUST-03196,35,92.62,8,4,1
CUST-03197,17,104.18,0,0,0
CUST-03198,18,49.9,8,0,1
CUST-03199,45,51.66,6,4,1
CUST-03200,53,87.12,9,0,1
CUST-03201,68,23.14,1,0,0
CUST-03202,65,92.65,5,4,1
CUST-03203,1,103.58,7,4,1
CUST-03204,58,61.52,1,1,0
CUST-03205,26,96.49,4,1,1
CUST-03206,20,37.46,5,0,1
CUST-03207,10,52.23,2,2,1
CUST-03208,59,117.43,1,1,0
CUST-03209,41,118.63,5,1,1
CUST-03210,5,71.26,2,2,1
CUST-03211,65,113.43,1,2,0
CUST-03212,17,72.27,0,4,1
CUST-03213,22,49.16,7,1,1
CUST-03214,41,46.69,0,3,1
CUST-03215,68,112.95,4,3,1
CUST-03216,69,37.24,5,0,1
CUST-03217,11,77.96,2,1,1
CUST-03218,56,75.55,6,3,1
CUST-03219,51,93.96,1,1,0
CUST-03220,21,69.92,6,1,1
CUST-03221,26,47.23,1,3,1
CUST-03222,19,36.94,4,1,1
CUST-03223,60,82.08,6,2,1
CUST-03224,71,91.9,2,0,0
CUST-03225,47,76.95,3,4,1
CUST-03226,71,93.84,0,3,0
CUST-03227,26,34.15,2,4,1
CUST-03228,40,108.25,8,0,1
CUST-03229,5,78.24,9,2,1
CUST-03230,21,32.68,4,2,1
CUST-03231,4,66.19,7,2,1
CUST-03232,23,104.48,1,2,1
CUST-03233,15,109.76,2,3,1
CUST-03234,8,46.46,6,3,1
CUST-03235,41,91.13,9,1,1
CUST-03236,19,30.0,3,1,1
CUST-03237,46,23.35,8,0,1
CUST-03238,28,76.04,6,1,1
CUST-03239,68,89.48,0,0,0
CUST-03240,15,99.58,3,0,1
CUST-03241,37,54.02,9,0,1
CUST-03242,1,20.65,5,2,1
CUST-03243,67,67.95,5,4,1
CUST-03244,24,21.59,9,4,1
CUST-03245,27,29.2,5,3,1
CUST-03246,40,52.67,4,0,1
CUST-03247,63,63.72,2,2,0
CUST-03248,61,47.95,1,1,0
CUST-03249,36,78.19,2,1,1
CUST-03250,24,25.53,8,3,1
CUST-03251,24,34.46,2,3,1
CUST-03252,4,89.53,2,0,1
CUST-03253,67,34.21,0,0,0
CUST-03254,34,83.98,1,1,1
CUST-03255,57,25.47,2,1,1
CUST-03256,49,60.74,1,1,0
CUST-03257,53,37.74,7,1,1
CUST-03258,23,30.96,5,4,1
CUST-03259,69,76.7,6,0,0
CUST-03260,53,112.83,0,0,0
CUST-03261,62,25.48,5,1,1
CUST-03262,41,62.16,1,2,1
CUST-03263,57,90.75,5,1,1
CUST-03264,60,66.27,2,3,1
CUST-03265,54,100.65,6,2,1
CUST-03266,70,37.96,2,3,1
CUST-03267,57,115.96,8,2,1
CUST-03268,10,58.52,2,3,1
CUST-03269,40,54.16,6,1,1
CUST-03270,7,107.46,3,1,1
CUST-03271,38,76.39,7,2,1
CUST-03272,61,71.64,1,3,0
CUST-03273,3,92.7,7,4,1
CUST-03274,51,77.98,8,2,1
CUST-03275,47,36.25,7,2,1
CUST-03276,68,87.42,5,0,0
CUST-03277,38,33.35,9,2,1
CUST-03278,36,100.59,0,4,1
CUST-03279,41,118.97,6,1,1
CUST-03280,69,57.74,0,3,0
CUST-03281,13,64.48,6,0,1
CUST-03282,58,24.64,1,3,1
CUST-03283,50,21.37,7,1,1
CUST-03284,30,112.14,1,2,1
CUST-03285,62,32.86,2,4,1
CUST-03286,25,64.58,2,0,1
CUST-03287,27,101.54,0,4,1
CUST-03288,51,108.93,4,4,1
CUST-03289,57,71.94,4,4,1
CUST-03290,47,76.5,9,4,1
CUST-03291,39,86.97,4,1,1
CUST-03292,16,116.14,8,4,1
CUST-03293,22,80.27,5,4,1
CUST-03294,54,75.95,5,1,1
CUST-03295,21,21.45,2,3,1
CUST-03296,16,28.09,4,1,1
CUST-03297,59,77.72,9,2,1
CUST-03298,31,113.62,6,1,1
CUST-03299,42,106.67,2,3,1
CUST-03300,32,118.26,1,2,1
CUST-03301,59,72.78,4,2,1
CUST-03302,34,98.79,2,0,0
CUST-03303,9,104.04,4,4,1
CUST-03304,11,84.8,8,2,1
CUST-03305,10,53.87,9,2,1
CUST-03306,17,67.0,0,3,1
CUST-03307,68,105.79,3,2,0
CUST-03308,48,49.85,9,3,1
CUST-03309,52,112.37,4,4,1
CUST-03310,25,42.98,1,0,1
CUST-03311,21,94.95,1,0,0
CUST-03312,65,83.06,0,4,0
CUST-03313,63,94.96,7,4,1
CUST-03314,51,63.73,1,1,0
CUST-03315,36,113.26,2,2,1
CUST-03316,66,83.25,1,2,0
CUST-03317,15,48.83,3,2,1
CUST-03318,39,83.85,0,3,1
CUST-03319,70,48.68,2,1,0
CUST-03320,1,49.36,4,2,1
CUST-03321,23,59.96,9,3,1
CUST-03322,39,105.24,0,3,1
CUST-03323,57,70.03,3,0,0
CUST-03324,34,87.89,5,3,1
CUST-03325,41,59.2,3,4,1
CUST-03326,13,46.36,6,3,1
CUST-03327,70,115.46,6,4,1
CUST-03328,6,80.36,5,4,1
CUST-03329,52,113.4,8,0,1
CUST-03330,3,40.34,1,0,1
CUST-03331,63,34.69,9,3,1
CUST-03332,49,105.58,7,0,1
CUST-03333,47,88.09,7,0,1
CUST-03334,55,38.66,9,2,1
CUST-03335,64,46.94,3,3,1
CUST-03336,65,100.07,5,3,1
CUST-03337,67,65.39,5,3,1
CUST-03338,15,87.05,4,0,1
CUST-03339,32,51.84,0,0,0
CUST-03340,68,58.12,2,4,1
CUST-03341,18,119.07,6,1,1
CUST-03342,43,44.76,7,1,1
CUST-03343,35,70.65,1,1,1
CUST-03344,58,104.44,2,2,0
CUST-03345,33,43.92,3,0,1
CUST-03346,14,61.52,4,4,1
CUST-03347,34,81.51,2,4,1
CUST-03348,61,68.12,4,1,1
CUST-03349,4,65.95,7,2,1
CUST-03350,59,56.25,7,2,1
CUST-03351,29,78.66,1,1,1
CUST-03352,6,82.44,5,1,1
CUST-03353,49,85.33,3,0,0
CUST-03354,40,27.04,8,2,1
CUST-03355,65,83.1,9,4,1
CUST-03356,69,115.32,1,1,0
CUST-03357,27,74.1,7,0,1
CUST-03358,6,91.53,0,4,1
CUST-03359,13,75.67,5,2,1
CUST-03360,64,105.47,9,1,1
CUST-03361,62,112.96,0,1,0
CUST-03362,19,38.42,1,0,1
CUST-03363,43,63.69,2,0,0
CUST-03364,20,59.24,8,2,1
CUST-03365,68,60.52,4,1,0
CUST-03366,44,32.55,9,0,1
CUST-03367,23,101.36,9,1,1
CUST-03368,2,23.58,1,2,1
CUST-03369,22,72.82,9,1,1
CUST-03370,57,86.19,4,4,1
CUST-03371,7,40.75,4,1,1
CUST-03372,56,110.59,0,3,0
CUST-03373,67,103.85,2,3,0
CUST-03374,16,67.11,4,2,1
CUST-03375,51,61.11,8,2,1
CUST-03376,12,43.66,9,2,1
CUST-03377,53,93.0,0,4,1
CUST-03378,5,33.17,7,4,1
CUST-03379,27,88.02,0,1,0
CUST-03380,12,104.25,8,0,1
CUST-03381,17,42.85,5,3,1
CUST-03382,6,106.64,0,3,1
CUST-03383,5,23.33,7,3,1
CUST-03384,57,111.28,4,1,0
CUST-03385,28,31.84,6,1,1
CUST-03386,69,84.58,6,2,1
CUST-03387,59,45.01,6,0,1
CUST-03388,33,103.66,5,2,1
CUST-03389,62,71.23,7,1,1
CUST-03390,50,33.52,8,4,1
CUST-03391,19,77.1,1,2,1
CUST-03392,69,60.79,6,1,1
CUST-03393,66,86.14,1,1,0
CUST-03394,47,108.19,5,4,1
CUST-03395,39,60.94,1,4,1
CUST-03396,68,48.99,9,4,1
CUST-03397,33,21.45,5,0,1
CUST-03398,13,77.48,1,1,1
CUST-03399,54,60.23,0,4,1
CUST-03400,7,57.46,6,0,1
CUST-03401,14,38.29,2,3,1
CUST-03402,19,63.01,3,3,1
CUST-03403,54,118.44,5,3,1
CUST-03404,20,49.78,4,1,1
CUST-03405,29,79.97,3,0,1
CUST-03406,24,97.65,8,0,1
CUST-03407,63,94.92,5,3,1
CUST-03408,57,52.88,5,2,1
CUST-03409,8,81.09,1,3,1
CUST-03410,62,107.13,5,1,1
CUST-03411,29,21.54,6,3,1
CUST-03412,17,63.57,7,3,1
CUST-03413,66,42.43,7,0,1
CUST-03414,6,58.86,8,3,1
CUST-03415,58,61.6,9,4,1
CUST-03416,69,94.67,2,4,1
CUST-03417,28,29.38,9,2,1
CUST-03418,62,71.26,6,1,1
CUST-03419,41,76.42,6,1,1
CUST-03420,69,69.42,0,0,0
CUST-03421,41,93.19,7,1,1
CUST-03422,49,58.38,3,2,1
CUST-03423,49,114.5,4,4,1
CUST-03424,71,68.18,5,0,0
CUST-03425,3,77.12,2,4,1
CUST-03426,10,102.55,4,2,1
CUST-03427,35,47.52,9,0,1
CUST-03428,2,27.52,4,3,1
CUST-03429,24,90.78,0,1,0
CUST-03430,38,68.3,2,2,1
CUST-03431,22,109.65,2,0,1
CUST-03432,26,118.27,0,4,1
CUST-03433,43,59.91,6,0,1
CUST-03434,55,61.54,0,3,0
CUST-03435,39,60.8,6,2,1
CUST-03436,29,52.46,3,0,1
CUST-03437,20,98.17,8,2,1
CUST-03438,41,95.9,6,2,1
CUST-03439,54,67.86,4,4,1
CUST-03440,20,24.47,6,1,1
CUST-03441,19,50.96,8,3,1
CUST-03442,66,49.23,9,0,1
CUST-03443,30,101.11,5,1,1
CUST-03444,53,28.76,0,4,1
CUST-03445,34,100.57,5,1,1
CUST-03446,22,86.92,0,2,1
CUST-03447,67,93.24,3,2,0
CUST-03448,6,63.22,7,3,1
CUST-03449,27,87.97,4,0,1
CUST-03450,10,80.9,4,0,1
CUST-03451,48,96.9,9,4,1
CUST-03452,70,64.68,7,3,1
CUST-03453,59,67.28,7,0,1
CUST-03454,59,84.36,0,2,0
CUST-03455,2,30.81,4,3,1
CUST-03456,29,63.62,4,1,1
CUST-03457,68,117.2,7,3,1
CUST-03458,65,23.76,0,3,0
CUST-03459,26,51.6,6,0,1
CUST-03460,10,51.41,6,4,1
CUST-03461,53,83.35,8,4,1
CUST-03462,59,30.58,1,0,0
CUST-03463,22,82.85,2,0,1
CUST-03464,51,29.5,3,0,1
CUST-03465,48,29.5,0,4,1
CUST-03466,21,92.82,6,0,1
CUST-03467,22,52.41,9,1,1
CUST-03468,30,117.74,2,1,1
CUST-03469,25,23.74,2,2,1
CUST-03470,28,64.51,2,1,1
CUST-03471,65,31.31,7,3,1
CUST-03472,45,55.14,8,2,1
CUST-03473,68,119.82,9,1,1
CUST-03474,7,108.88,1,3,1
CUST-03475,49,24.83,9,1,1
CUST-03476,9,76.33,9,3,1
CUST-03477,36,84.78,0,0,0
CUST-03478,1,40.95,8,3,1
CUST-03479,10,34.51,5,0,1
CUST-03480,36,110.44,8,3,1
CUST-03481,46,116.88,5,3,1
CUST-03482,32,119.19,1,1,0
CUST-03483,32,98.98,0,3,1
CUST-03484,6,86.35,7,1,1
CUST-03485,48,54.57,2,3,1
CUST-03486,38,37.14,0,4,1
CUST-03487,17,27.9,7,2,1
CUST-03488,27,89.33,0,1,0
CUST-03489,54,98.47,7,1,1
CUST-03490,50,102.65,0,0,0
CUST-03491,35,111.38,8,4,1
CUST-03492,25,107.99,8,0,1
CUST-03493,28,119.97,8,4,1
CUST-03494,15,44.41,2,4,1
CUST-03495,4,96.33,3,3,1
CUST-03496,27,78.65,4,0,1
CUST-03497,26,46.12,5,2,1
CUST-03498,19,118.19,8,4,1
CUST-03499,17,109.79,3,4,1
CUST-03500,43,32.85,5,1,1
CUST-03501,41,22.62,0,3,1
CUST-03502,42,88.83,1,2,1
CUST-03503,50,80.41,7,4,1
CUST-03504,40,113.58,3,1,1
CUST-03505,39,43.4,9,0,1
CUST-03506,23,28.44,6,4,1
CUST-03507,52,45.92,3,1,1
CUST-03508,47,21.89,8,0,1
CUST-03509,63,23.59,8,3,1
CUST-03510,69,111.49,3,0,0
CUST-03511,43,55.2,7,4,1
CUST-03512,48,61.08,5,2,1
CUST-03513,34,21.84,0,0,0
CUST-03514,40,47.05,6,2,1
CUST-03515,61,100.47,0,2,0
CUST-03516,50,81.55,2,0,0
CUST-03517,67,95.38,7,3,1
CUST-03518,62,64.72,8,0,1
CUST-03519,58,50.97,2,1,0
CUST-03520,33,68.28,0,2,1
CUST-03521,16,52.31,0,4,1
CUST-03522,48,103.9,6,2,1
CUST-03523,10,49.77,4,4,1
CUST-03524,38,85.98,0,1,0
CUST-03525,19,33.7,5,1,1
CUST-03526,36,88.69,5,1,1
CUST-03527,59,111.33,3,0,0
CUST-03528,63,80.86,6,2,1
CUST-03529,46,75.99,6,4,1
CUST-03530,3,116.11,8,1,1
CUST-03531,65,82.74,0,1,0
CUST-03532,8,45.96,4,4,1
CUST-03533,51,49.24,9,2,1
CUST-03534,6,90.53,2,2,1
CUST-03535,39,93.54,6,4,1
CUST-03536,60,50.35,3,3,1
CUST-03537,28,54.53,3,2,1
CUST-03538,54,119.11,0,4,0
CUST-03539,37,30.2,0,4,1
CUST-03540,9,60.46,9,1,1
CUST-03541,56,26.24,1,4,1
CUST-03542,59,102.11,1,0,0
CUST-03543,2,29.23,0,1,1
CUST-03544,61,87.4,7,1,1
CUST-03545,58,25.65,5,2,1
CUST-03546,60,87.29,5,3,1
CUST-03547,40,104.3,9,2,1
CUST-03548,36,59.88,9,0,1
CUST-03549,37,72.21,8,1,1
CUST-03550,18,60.15,4,1,1
CUST-03551,63,50.05,3,4,1
CUST-03552,22,100.33,5,3,1
CUST-03553,11,47.2,7,3,1
CUST-03554,58,92.29,0,4,0
CUST-03555,57,40.62,6,0,1
CUST-03556,4,44.99,7,3,1
CUST-03557,7,53.65,8,1,1
CUST-03558,61,78.92,7,0,1
CUST-03559,54,65.44,6,2,1
CUST-03560,68,94.51,2,2,0
CUST-03561,1,41.36,1,0,1
CUST-03562,55,21.07,2,1,1
CUST-03563,3,97.66,3,2,1
CUST-03564,38,102.16,3,1,1
CUST-03565,1,25.95,5,4,1
CUST-03566,38,81.09,6,3,1
CUST-03567,29,57.82,3,0,1
CUST-03568,5,99.39,9,3,1
CUST-03569,21,107.44,5,4,1
CUST-03570,71,105.1,8,2,1
CUST-03571,67,97.72,5,1,0
CUST-03572,47,46.91,2,1,1
CUST-03573,35,101.19,0,4,1
CUST-03574,68,73.35,9,0,1
CUST-03575,69,25.28,9,3,1
CUST-03576,1,65.69,4,2,1
CUST-03577,68,114.22,9,0,1
CUST-03578,12,108.79,9,4,1
CUST-03579,60,30.23,2,4,1
CUST-03580,27,94.41,7,1,1
CUST-03581,56,100.58,9,2,1
CUST-03582,23,47.14,0,0,1
CUST-03583,25,67.16,1,1,1
CUST-03584,21,91.1,2,2,1
CUST-03585,61,63.9,2,3,1
CUST-03586,63,31.28,7,3,1
CUST-03587,52,90.59,4,1,1
CUST-03588,25,111.16,7,0,1
CUST-03589,55,85.25,5,2,1
CUST-03590,46,97.38,1,3,1
CUST-03591,32,55.84,3,3,1
CUST-03592,55,38.32,8,0,1
CUST-03593,5,84.28,3,1,1
CUST-03594,36,52.78,4,4,1
CUST-03595,49,106.01,4,2,1
CUST-03596,58,32.26,9,3,1
CUST-03597,39,63.35,7,4,1
CUST-03598,61,59.67,5,0,1
CUST-03599,9,113.81,9,1,1
CUST-03600,6,35.31,6,2,1
CUST-03601,35,20.98,5,0,1
CUST-03602,39,43.81,4,1,1
CUST-03603,22,102.03,4,0,1
CUST-03604,41,40.93,2,3,1
CUST-03605,5,44.09,6,3,1
CUST-03606,42,32.99,9,4,1
CUST-03607,67,91.54,4,0,0
CUST-03608,30,26.92,6,3,1
CUST-03609,57,53.12,1,1,0
CUST-03610,29,48.25,8,4,1
CUST-03611,37,75.52,7,2,1
CUST-03612,13,93.04,4,0,1
CUST-03613,32,73.29,1,3,1
CUST-03614,46,113.1,5,1,1
CUST-03615,23,115.14,7,0,1
CUST-03616,45,56.15,6,1,1
CUST-03617,17,97.77,7,4,1
CUST-03618,66,93.88,3,3,1
CUST-03619,6,109.3,2,3,1
CUST-03620,18,64.79,6,4,1
CUST-03621,22,73.05,1,1,1
CUST-03622,33,61.58,4,0,1
CUST-03623,30,105.04,6,1,1
CUST-03624,32,42.97,0,0,0
CUST-03625,42,43.97,3,4,1
CUST-03626,10,57.26,1,2,1
CUST-03627,36,43.03,5,0,1
CUST-03628,34,76.1,0,3,1
CUST-03629,28,33.45,6,3,1
CUST-03630,11,52.02,2,3,1
CUST-03631,39,111.34,0,1,0
CUST-03632,47,60.92,7,1,1
CUST-03633,19,94.82,6,1,1
CUST-03634,15,31.35,1,3,1
CUST-03635,28,44.76,6,0,1
CUST-03636,24,100.73,2,3,1
CUST-03637,9,96.3,8,0,1
CUST-03638,47,58.62,7,1,1
CUST-03639,33,115.44,4,2,1
CUST-03640,62,111.06,6,1,1
CUST-03641,19,116.23,2,4,1
CUST-03642,67,62.79,0,0,0
CUST-03643,40,39.75,0,2,1
CUST-03644,47,82.67,1,1,0
CUST-03645,65,88.48,7,2,1
CUST-03646,29,32.54,0,3,1
CUST-03647,50,98.65,4,0,0
CUST-03648,13,21.81,8,4,1
CUST-03649,1,68.27,8,3,1
CUST-03650,34,53.1,1,2,1
CUST-03651,48,94.03,6,1,1
CUST-03652,48,51.28,0,0,0
CUST-03653,49,102.68,2,4,1
CUST-03654,64,79.5,5,1,1
CUST-03655,61,99.39,8,4,1
CUST-03656,29,118.93,9,0,1
CUST-03657,39,87.92,1,2,1
CUST-03658,26,118.5,6,4,1
CUST-03659,17,22.88,3,0,1
CUST-03660,71,53.81,1,4,1
CUST-03661,13,30.79,2,1,1
CUST-03662,69,46.23,5,4,1
CUST-03663,26,103.89,9,1,1
CUST-03664,49,23.23,8,1,1
CUST-03665,67,72.02,7,0,1
CUST-03666,7,76.71,9,3,1
CUST-03667,58,76.12,8,4,1
CUST-03668,49,67.53,3,2,1
CUST-03669,53,99.06,3,1,0
CUST-03670,65,33.35,8,3,1
CUST-03671,62,51.06,7,1,1
CUST-03672,17,81.57,1,3,1
CUST-03673,43,89.1,7,3,1
CUST-03674,25,60.41,0,2,1
CUST-03675,3,107.54,8,3,1
CUST-03676,29,61.55,8,2,1
CUST-03677,32,60.28,7,0,1
CUST-03678,26,23.62,4,1,1
CUST-03679,16,75.11,4,2,1
CUST-03680,25,90.87,2,1,1
CUST-03681,54,31.44,4,4,1
CUST-03682,28,50.54,3,0,1
CUST-03683,56,98.13,0,4,0
CUST-03684,65,56.59,8,4,1
CUST-03685,41,44.16,9,3,1
CUST-03686,51,87.22,3,3,1
CUST-03687,71,39.68,2,4,1
CUST-03688,29,109.57,5,3,1
CUST-03689,19,30.56,0,1,1
CUST-03690,66,90.65,4,3,1
CUST-03691,41,69.95,6,4,1
CUST-03692,45,106.99,1,3,1
CUST-03693,15,32.62,9,3,1
CUST-03694,3,87.79,8,2,1
CUST-03695,11,77.21,5,2,1
CUST-03696,53,68.01,1,4,1
CUST-03697,46,69.14,7,1,1
CUST-03698,30,92.2,7,0,1
CUST-03699,57,113.77,0,0,0
CUST-03700,18,29.13,0,4,1
CUST-03701,51,21.95,0,1,0
CUST-03702,48,100.57,3,1,0
CUST-03703,66,30.82,3,1,0
CUST-03704,8,118.67,7,2,1
CUST-03705,22,81.93,0,4,1
CUST-03706,6,85.09,9,0,1
CUST-03707,57,39.89,2,1,0
CUST-03708,36,44.03,0,4,1
CUST-03709,57,85.94,8,0,1
CUST-03710,49,110.97,9,2,1
CUST-03711,45,118.24,8,3,1
CUST-03712,66,39.8,6,0,1
CUST-03713,45,33.41,7,0,1
CUST-03714,20,25.64,0,0,1
CUST-03715,64,106.83,4,3,1
CUST-03716,67,49.47,1,1,0
CUST-03717,3,20.18,0,3,1
CUST-03718,54,42.38,2,0,0
CUST-03719,64,54.04,6,2,1
CUST-03720,40,119.1,0,0,0
CUST-03721,59,72.35,1,2,0
CUST-03722,55,40.47,1,4,1
CUST-03723,62,53.48,3,2,1
CUST-03724,4,53.03,2,0,1
CUST-03725,60,21.97,2,3,1
CUST-03726,30,33.52,9,0,1
CUST-03727,2,89.52,4,0,1
CUST-03728,62,32.03,2,4,1
CUST-03729,49,43.07,6,1,1
CUST-03730,9,55.07,4,0,1
CUST-03731,31,95.77,3,4,1
CUST-03732,61,78.24,2,3,1
CUST-03733,48,88.9,3,4,1
CUST-03734,25,76.7,1,4,1
CUST-03735,36,88.36,0,2,0
CUST-03736,8,20.28,2,1,1
CUST-03737,58,113.09,1,1,0
CUST-03738,45,31.09,0,3,1
CUST-03739,62,60.62,0,4,1
CUST-03740,39,97.1,1,3,1
CUST-03741,58,63.52,8,3,1
CUST-03742,64,114.68,4,1,0
CUST-03743,44,66.76,8,1,1
CUST-03744,29,107.49,7,1,1
CUST-03745,59,101.08,5,0,0
CUST-03746,71,118.1,0,4,0
CUST-03747,9,112.65,9,3,1
CUST-03748,6,109.81,4,4,1
CUST-03749,29,93.16,0,3,1
CUST-03750,58,56.7,6,3,1
CUST-03751,17,30.61,9,3,1
CUST-03752,16,88.86,7,3,1
CUST-03753,3,117.87,7,2,1
CUST-03754,21,92.66,6,2,1
CUST-03755,64,112.87,1,0,0
CUST-03756,36,100.43,4,1,1
CUST-03757,62,36.31,3,3,1
CUST-03758,42,44.92,4,4,1
CUST-03759,42,54.19,9,2,1
CUST-03760,61,36.83,8,1,1
CUST-03761,13,78.17,3,0,1
CUST-03762,11,117.55,7,1,1
CUST-03763,54,96.15,7,3,1
CUST-03764,16,62.34,1,1,1
CUST-03765,8,20.45,5,3,1
CUST-03766,59,51.33,4,2,1
CUST-03767,57,72.68,1,2,0
CUST-03768,40,52.43,9,3,1
CUST-03769,59,31.1,3,4,1
CUST-03770,2,64.28,6,2,1
CUST-03771,10,45.33,0,4,1
CUST-03772,44,110.92,8,3,1
CUST-03773,11,30.18,9,3,1
CUST-03774,2,24.92,0,2,1
CUST-03775,50,20.53,4,4,1
CUST-03776,12,52.81,6,3,1
CUST-03777,23,86.04,7,2,1
CUST-03778,18,93.04,1,3,1
CUST-03779,62,65.33,3,1,0
CUST-03780,62,88.43,1,1,0
CUST-03781,38,55.99,3,2,1
CUST-03782,67,86.78,5,3,1
CUST-03783,38,24.06,5,2,1
CUST-03784,67,59.08,1,0,0
CUST-03785,61,99.08,3,2,0
CUST-03786,1,100.3,3,2,1
CUST-03787,45,91.61,0,1,0
CUST-03788,28,40.42,1,1,1
CUST-03789,21,44.72,2,3,1
CUST-03790,13,119.61,4,2,1
CUST-03791,27,30.34,7,2,1
CUST-03792,7,38.07,5,3,1
CUST-03793,22,33.0,2,4,1
CUST-03794,53,52.77,5,3,1
CUST-03795,4,41.02,6,1,1
CUST-03796,23,69.77,5,1,1
CUST-03797,70,67.6,9,2,1
CUST-03798,33,110.15,5,1,1
CUST-03799,28,23.47,0,3,1
CUST-03800,8,51.99,2,2,1
CUST-03801,1,79.67,6,3,1
CUST-03802,37,80.48,3,3,1
CUST-03803,63,68.01,3,2,1
CUST-03804,22,101.57,6,4,1
CUST-03805,70,26.27,8,1,1
CUST-03806,21,101.55,1,0,0
CUST-03807,35,69.48,8,0,1
CUST-03808,5,33.38,2,0,1
CUST-03809,60,108.57,5,1,1
CUST-03810,46,84.92,3,4,1
CUST-03811,50,36.35,0,3,1
CUST-03812,48,23.36,8,2,1
CUST-03813,6,34.11,5,4,1
CUST-03814,56,80.88,7,0,1
CUST-03815,59,37.93,1,1,0
CUST-03816,29,42.58,6,1,1
CUST-03817,71,22.51,5,2,1
CUST-03818,18,92.29,1,3,1
CUST-03819,2,101.04,1,4,1
CUST-03820,8,99.68,3,4,1
CUST-03821,54,32.76,3,4,1
CUST-03822,38,110.33,2,3,1
CUST-03823,48,87.23,7,3,1
CUST-03824,27,109.75,6,3,1
CUST-03825,20,64.72,1,2,1
CUST-03826,12,63.7,2,1,1
CUST-03827,43,98.45,9,0,1
CUST-03828,61,29.33,8,3,1
CUST-03829,31,72.09,4,1,1
CUST-03830,61,103.64,1,3,0
CUST-03831,67,103.02,2,0,0
CUST-03832,35,115.61,7,3,1
CUST-03833,15,89.83,3,1,1
CUST-03834,16,40.78,1,2,1
CUST-03835,13,22.03,1,0,1
CUST-03836,35,67.94,5,1,1
CUST-03837,59,71.37,7,4,1
CUST-03838,21,44.03,6,4,1
CUST-03839,54,32.47,3,4,1
CUST-03840,30,78.62,1,2,1
CUST-03841,48,96.43,8,3,1
CUST-03842,35,119.32,3,3,1
CUST-03843,38,95.83,8,3,1
CUST-03844,31,99.36,4,2,1
CUST-03845,24,81.65,6,4,1
CUST-03846,49,118.59,4,3,1
CUST-03847,32,84.0,1,2,1
CUST-03848,55,106.03,5,2,1
CUST-03849,58,114.58,6,1,1
CUST-03850,3,112.99,5,3,1
CUST-03851,69,58.14,2,4,1
CUST-03852,10,27.87,9,0,1
CUST-03853,25,37.19,7,2,1
CUST-03854,68,25.92,2,1,0
CUST-03855,61,30.54,4,0,1
CUST-03856,29,38.47,8,2,1
CUST-03857,19,54.11,4,1,1
CUST-03858,43,74.35,6,3,1
CUST-03859,66,91.17,6,1,1
CUST-03860,61,41.09,4,2,1
CUST-03861,43,87.25,1,3,1
CUST-03862,25,90.43,4,4,1
CUST-03863,20,75.86,6,1,1
CUST-03864,48,110.36,6,0,1
CUST-03865,24,31.1,3,3,1
CUST-03866,11,37.71,0,3,1
CUST-03867,55,62.87,5,4,1
CUST-03868,28,32.67,2,1,1
CUST-03869,69,76.63,4,0,0
CUST-03870,63,59.84,3,4,1
CUST-03871,59,48.46,1,1,0
CUST-03872,5,37.0,6,0,1
CUST-03873,51,53.53,4,0,1
CUST-03874,21,80.8,6,2,1
CUST-03875,12,77.58,8,0,1
CUST-03876,50,36.36,3,1,1
CUST-03877,4,32.49,4,4,1
CUST-03878,42,22.67,8,4,1
CUST-03879,38,21.24,9,2,1
CUST-03880,25,107.98,3,1,1
CUST-03881,14,24.51,4,0,1
CUST-03882,32,93.12,4,2,1
CUST-03883,11,107.2,7,3,1
CUST-03884,61,29.81,3,1,1
CUST-03885,18,63.63,3,2,1
CUST-03886,27,116.23,6,4,1
CUST-03887,55,103.41,4,2,1
CUST-03888,54,68.97,5,3,1
CUST-03889,21,96.26,5,1,1
CUST-03890,44,103.34,5,2,1
CUST-03891,5,54.8,9,0,1
CUST-03892,41,109.22,4,1,1
CUST-03893,59,67.05,4,2,1
CUST-03894,54,72.78,8,2,1
CUST-03895,22,119.97,7,1,1
CUST-03896,65,104.33,3,4,1
CUST-03897,64,56.18,6,0,1
CUST-03898,71,21.03,7,1,1
CUST-03899,4,82.62,8,0,1
CUST-03900,65,90.39,4,0,0
CUST-03901,15,85.08,2,1,1
CUST-03902,22,116.79,3,2,1
CUST-03903,47,106.3,9,4,1
CUST-03904,46,64.88,5,0,1
CUST-03905,14,26.29,9,0,1
CUST-03906,50,67.61,4,2,1
CUST-03907,20,88.92,8,1,1
CUST-03908,50,80.77,2,4,1
CUST-03909,33,73.81,1,0,0
CUST-03910,59,66.88,5,0,1
CUST-03911,43,49.38,6,1,1
CUST-03912,12,47.73,4,2,1
CUST-03913,40,70.02,0,3,1
CUST-03914,20,36.06,2,2,1
CUST-03915,38,54.07,2,0,1
CUST-03916,3,52.4,3,0,1
CUST-03917,28,78.71,9,4,1
CUST-03918,56,26.67,5,2,1
CUST-03919,13,102.97,4,3,1
CUST-03920,66,76.24,0,4,0
CUST-03921,37,87.08,5,3,1
CUST-03922,49,90.31,8,4,1
CUST-03923,66,49.15,0,2,0
CUST-03924,36,67.04,7,0,1
CUST-03925,54,115.62,7,3,1
CUST-03926,26,96.67,2,2,1
CUST-03927,40,116.96,8,3,1
CUST-03928,43,94.63,7,2,1
CUST-03929,22,37.56,2,4,1
CUST-03930,20,26.45,9,2,1
CUST-03931,8,77.77,4,4,1
CUST-03932,29,55.78,2,0,1
CUST-03933,40,47.55,4,4,1
CUST-03934,30,100.72,8,1,1
CUST-03935,55,56.7,3,0,0
CUST-03936,16,51.7,5,2,1
CUST-03937,46,105.0,2,2,1
CUST-03938,62,104.63,2,1,0
CUST-03939,7,55.64,4,2,1
CUST-03940,45,103.25,7,0,1
CUST-03941,59,105.08,7,0,1
CUST-03942,56,62.39,2,4,1
CUST-03943,48,26.65,7,3,1
CUST-03944,27,20.16,7,2,1
CUST-03945,53,72.33,2,1,0
CUST-03946,35,54.41,9,0,1
CUST-03947,51,119.71,9,0,1
CUST-03948,37,97.24,1,0,0
CUST-03949,57,96.13,9,3,1
CUST-03950,8,115.52,1,3,1
CUST-03951,20,108.77,8,2,1
CUST-03952,53,51.82,6,1,1
CUST-03953,12,36.6,5,3,1
CUST-03954,49,94.59,6,4,1
CUST-03955,17,57.83,7,3,1
CUST-03956,64,67.32,0,0,0
CUST-03957,42,83.04,7,1,1
CUST-03958,29,110.79,2,2,1
CUST-03959,19,61.91,2,3,1
CUST-03960,11,98.33,5,0,1
CUST-03961,50,46.83,3,4,1
CUST-03962,71,89.8,3,4,1
CUST-03963,58,20.16,3,2,1
CUST-03964,34,107.15,9,2,1
CUST-03965,20,23.04,8,3,1
CUST-03966,50,91.28,7,2,1
CUST-03967,10,24.63,2,0,1
CUST-03968,32,46.62,0,0,0
CUST-03969,52,69.72,0,0,0
CUST-03970,15,61.99,0,3,1
CUST-03971,3,39.18,3,3,1
CUST-03972,37,53.38,5,2,1
CUST-03973,40,92.77,3,3,1
CUST-03974,40,86.93,2,0,0
CUST-03975,56,27.18,7,1,1
CUST-03976,23,94.73,7,0,1
CUST-03977,11,25.3,5,1,1
CUST-03978,64,74.29,8,2,1
CUST-03979,8,46.01,9,4,1
CUST-03980,56,78.77,0,3,0
CUST-03981,60,46.13,7,3,1
CUST-03982,10,118.5,5,0,1
CUST-03983,39,50.97,0,0,0
CUST-03984,28,44.2,3,1,1
CUST-03985,49,47.85,4,3,1
CUST-03986,36,109.65,6,2,1
CUST-03987,13,83.62,7,0,1
CUST-03988,36,93.07,8,3,1
CUST-03989,26,111.8,5,4,1
CUST-03990,4,111.19,9,1,1
CUST-03991,64,93.89,8,0,1
CUST-03992,38,39.78,3,0,1
CUST-03993,22,104.34,7,2,1
CUST-03994,2,40.38,2,0,1
CUST-03995,31,94.29,3,3,1
CUST-03996,11,88.56,9,3,1
CUST-03997,46,95.89,3,3,1
CUST-03998,62,73.27,5,4,1
CUST-03999,69,83.87,8,4,1
CUST-04000,64,115.33,5,0,0
CUST-04001,10,30.11,0,4,1
CUST-04002,40,50.88,4,4,1
CUST-04003,24,81.14,8,2,1
CUST-04004,44,116.41,4,4,1
CUST-04005,60,29.56,5,1,1
CUST-04006,62,22.25,2,1,0
CUST-04007,17,25.57,7,1,1
CUST-04008,65,25.24,9,0,1
CUST-04009,57,110.78,3,3,1
CUST-04010,55,92.13,3,2,1
CUST-04011,53,87.71,4,0,0
CUST-04012,56,72.26,9,3,1
CUST-04013,9,98.2,8,2,1
CUST-04014,22,35.56,7,2,1
CUST-04015,13,59.19,6,2,1
CUST-04016,48,69.0,4,1,1
CUST-04017,18,31.04,8,1,1
CUST-04018,40,61.95,8,1,1
CUST-04019,17,51.65,9,2,1
CUST-04020,15,23.56,9,2,1
CUST-04021,15,33.67,1,1,1
CUST-04022,63,96.4,3,2,0
CUST-04023,39,21.8,7,1,1
CUST-04024,13,113.43,0,1,1
CUST-04025,32,28.64,4,1,1
CUST-04026,9,99.92,7,3,1
CUST-04027,40,109.86,1,2,0
CUST-04028,20,114.11,1,0,0
CUST-04029,63,106.75,7,1,1
CUST-04030,44,48.76,9,0,1
CUST-04031,38,53.31,8,3,1
CUST-04032,60,62.65,6,2,1
CUST-04033,71,33.93,7,1,1
CUST-04034,48,22.23,4,1,1
CUST-04035,18,106.91,0,1,1
CUST-04036,16,75.41,3,0,1
CUST-04037,55,80.87,1,3,1
CUST-04038,39,112.7,2,2,1
CUST-04039,68,86.51,2,3,0
CUST-04040,59,89.09,8,1,1
CUST-04041,62,98.7,9,3,1
CUST-04042,13,31.63,3,0,1
CUST-04043,6,56.02,1,4,1
CUST-04044,60,116.82,2,4,1
CUST-04045,14,112.29,2,2,1
CUST-04046,54,108.41,6,2,1
CUST-04047,4,65.21,7,3,1
CUST-04048,39,105.72,5,2,1
CUST-04049,25,24.84,3,0,1
CUST-04050,32,34.85,5,1,1
CUST-04051,59,61.4,0,1,0
CUST-04052,63,68.34,9,3,1
CUST-04053,38,46.35,7,1,1
CUST-04054,53,55.65,0,3,1
CUST-04055,67,36.28,4,2,1
CUST-04056,28,68.91,1,2,1
CUST-04057,3,99.38,5,0,1
CUST-04058,22,86.14,8,1,1
CUST-04059,38,30.78,4,0,1
CUST-04060,62,68.76,3,4,1
CUST-04061,57,89.76,1,0,0
CUST-04062,6,72.99,2,3,1
CUST-04063,32,59.17,5,3,1
CUST-04064,10,82.19,7,0,1
CUST-04065,3,116.86,7,2,1
CUST-04066,59,29.49,4,4,1
CUST-04067,49,59.0,4,0,1
CUST-04068,59,60.66,9,2,1
CUST-04069,31,77.7,2,0,1
CUST-04070,69,35.22,6,1,1
CUST-04071,62,37.66,5,3,1
CUST-04072,52,48.54,0,1,0
CUST-04073,41,115.59,3,1,1
CUST-04074,31,93.41,5,4,1
CUST-04075,22,86.17,5,2,1
CUST-04076,4,101.7,2,3,1
CUST-04077,13,32.76,5,1,1
CUST-04078,45,105.93,9,3,1
CUST-04079,42,79.48,5,2,1
CUST-04080,49,53.53,8,0,1
CUST-04081,20,101.59,8,1,1
CUST-04082,54,100.26,1,2,0
CUST-04083,36,104.57,3,3,1
CUST-04084,1,31.55,8,2,1
CUST-04085,15,116.94,3,0,1
CUST-04086,17,115.96,7,2,1
CUST-04087,24,55.75,9,3,1
CUST-04088,58,26.59,2,1,0
CUST-04089,23,36.71,2,1,1
CUST-04090,46,119.28,8,4,1
CUST-04091,8,76.3,9,3,1
CUST-04092,59,55.66,7,4,1
CUST-04093,59,48.82,0,4,1
CUST-04094,13,45.7,9,0,1
CUST-04095,39,86.42,1,3,1
CUST-04096,28,61.94,2,1,1
CUST-04097,61,116.54,1,3,0
CUST-04098,16,88.38,2,0,1
CUST-04099,2,99.2,7,3,1
CUST-04100,17,49.27,5,3,1
CUST-04101,30,27.92,6,4,1
CUST-04102,13,68.78,9,3,1
CUST-04103,13,51.46,9,4,1
CUST-04104,43,40.21,5,4,1
CUST-04105,21,115.26,0,2,1
CUST-04106,55,64.4,2,0,0
CUST-04107,40,37.47,0,4,1
CUST-04108,15,39.87,9,3,1
CUST-04109,52,48.07,8,4,1
CUST-04110,53,119.93,8,4,1
CUST-04111,52,46.8,4,4,1
CUST-04112,30,52.88,3,1,1
CUST-04113,33,85.93,8,1,1
CUST-04114,57,49.4,8,1,1
CUST-04115,52,41.58,2,1,1
CUST-04116,9,35.86,4,2,1
CUST-04117,54,51.27,2,4,1
CUST-04118,1,30.59,9,2,1
CUST-04119,44,21.86,1,3,1
CUST-04120,9,100.46,0,0,1
CUST-04121,32,33.79,9,2,1
CUST-04122,15,97.6,1,1,1
CUST-04123,12,99.75,7,1,1
CUST-04124,57,73.79,7,3,1
CUST-04125,8,50.97,2,4,1
CUST-04126,27,34.5,6,0,1
CUST-04127,62,93.68,6,2,1
CUST-04128,12,80.14,1,4,1
CUST-04129,65,85.55,8,4,1
CUST-04130,42,20.87,2,2,1
CUST-04131,62,112.75,1,2,0
CUST-04132,11,26.63,2,2,1
CUST-04133,43,56.68,1,2,1
CUST-04134,17,60.27,7,1,1
CUST-04135,32,20.14,4,4,1
CUST-04136,40,69.71,2,4,1
CUST-04137,23,95.28,4,1,1
CUST-04138,56,102.33,7,4,1
CUST-04139,6,107.94,6,2,1
CUST-04140,50,68.77,5,0,1
CUST-04141,37,83.06,0,4,1
CUST-04142,64,27.95,9,0,1
CUST-04143,54,68.8,0,0,0
CUST-04144,49,35.48,0,1,0
CUST-04145,11,56.96,9,3,1
CUST-04146,49,52.93,7,4,1
CUST-04147,21,62.35,7,1,1
CUST-04148,66,77.16,6,1,1
CUST-04149,63,110.29,5,0,0
CUST-04150,28,59.45,3,4,1
CUST-04151,17,118.11,0,1,0
CUST-04152,6,95.9,8,2,1
CUST-04153,19,71.15,0,1,1
CUST-04154,56,84.4,3,2,1
CUST-04155,28,30.22,2,3,1
CUST-04156,66,104.45,6,2,1
CUST-04157,38,78.24,4,2,1
CUST-04158,37,118.61,4,0,1
CUST-04159,68,83.64,3,1,0
CUST-04160,49,103.41,0,3,0
CUST-04161,43,99.98,4,1,1
CUST-04162,36,54.55,3,2,1
CUST-04163,58,45.96,9,2,1
CUST-04164,13,63.05,7,1,1
CUST-04165,52,66.72,1,3,1
CUST-04166,58,44.01,7,3,1
CUST-04167,32,109.46,0,0,0
CUST-04168,60,74.25,3,2,1
CUST-04169,58,117.84,2,2,0
CUST-04170,56,101.0,4,0,0
CUST-04171,28,75.57,4,1,1
CUST-04172,1,114.7,4,2,1
CUST-04173,42,70.49,3,1,1
CUST-04174,48,108.71,7,3,1
CUST-04175,40,55.81,2,4,1
CUST-04176,63,57.86,3,0,0
CUST-04177,4,61.81,0,2,1
CUST-04178,38,74.66,6,0,1
CUST-04179,27,75.35,0,3,1
CUST-04180,9,69.64,1,3,1
CUST-04181,16,50.6,6,3,1
CUST-04182,56,112.72,0,3,0
CUST-04183,31,78.86,2,4,1
CUST-04184,14,60.77,5,1,1
CUST-04185,25,85.12,5,1,1
CUST-04186,34,96.8,5,4,1
CUST-04187,67,116.07,1,1,0
CUST-04188,24,69.95,1,3,1
CUST-04189,26,31.21,5,1,1
CUST-04190,20,64.08,9,0,1
CUST-04191,64,67.9,4,1,1
CUST-04192,10,109.7,6,0,1
CUST-04193,67,59.48,6,2,1
CUST-04194,24,115.33,4,0,1
CUST-04195,5,68.51,7,0,1
CUST-04196,67,117.38,9,3,1
CUST-04197,58,20.82,5,3,1
CUST-04198,27,109.88,4,3,1
CUST-04199,15,113.11,3,0,1
CUST-04200,35,116.1,6,4,1
CUST-04201,53,21.31,3,3,1
CUST-04202,44,37.17,4,3,1
CUST-04203,26,85.38,4,0,1
CUST-04204,47,22.55,0,2,1
CUST-04205,34,26.36,0,2,1
CUST-04206,50,42.11,2,1,1
CUST-04207,12,71.24,2,2,1
CUST-04208,4,74.59,1,3,1
CUST-04209,48,23.43,1,4,1
CUST-04210,55,37.04,5,1,1
CUST-04211,1,69.97,0,4,1
CUST-04212,66,79.39,5,4,1
CUST-04213,30,34.84,4,3,1
CUST-04214,3,59.88,5,0,1
CUST-04215,21,110.44,4,0,1
CUST-04216,49,119.89,6,0,1
CUST-04217,62,118.72,0,2,0
CUST-04218,38,108.17,2,0,0
CUST-04219,15,59.47,5,3,1
CUST-04220,52,88.66,0,2,0
CUST-04221,46,61.66,6,0,1
CUST-04222,25,84.85,3,4,1
CUST-04223,21,50.94,2,3,1
CUST-04224,5,80.62,9,3,1
CUST-04225,70,72.38,8,1,1
CUST-04226,47,22.45,0,3,1
CUST-04227,68,99.07,7,4,1
CUST-04228,18,21.19,0,3,1
CUST-04229,21,49.32,4,1,1
CUST-04230,23,20.59,9,3,1
CUST-04231,64,57.62,7,3,1
CUST-04232,67,26.32,5,1,1
CUST-04233,40,111.35,6,3,1
CUST-04234,10,61.57,7,2,1
CUST-04235,52,65.95,5,3,1
CUST-04236,61,54.99,5,0,1
CUST-04237,64,82.75,5,0,0
CUST-04238,5,98.44,4,2,1
CUST-04239,53,84.81,7,3,1
CUST-04240,55,94.82,1,4,1
CUST-04241,37,110.6,6,3,1
CUST-04242,56,106.35,3,0,0
CUST-04243,59,87.41,0,1,0
CUST-04244,69,41.46,4,2,1
CUST-04245,59,83.77,2,1,0
CUST-04246,2,70.61,3,4,1
CUST-04247,65,91.72,6,3,1
CUST-04248,60,103.29,4,4,1
CUST-04249,51,94.27,3,1,0
CUST-04250,30,104.66,0,3,1
CUST-04251,11,26.39,5,4,1
CUST-04252,39,23.16,9,0,1
CUST-04253,63,45.85,5,0,1
CUST-04254,64,110.07,6,2,1
CUST-04255,61,102.37,0,0,0
CUST-04256,54,88.27,3,0,0
CUST-04257,58,90.08,8,1,1
CUST-04258,56,92.67,9,0,1
CUST-04259,34,114.26,5,0,1
CUST-04260,31,103.22,1,1,0
CUST-04261,52,82.34,3,0,0
CUST-04262,1,86.57,5,0,1
CUST-04263,55,41.37,3,2,1
CUST-04264,22,85.73,9,0,1
CUST-04265,40,62.47,6,0,1
CUST-04266,1,35.3,2,2,1
CUST-04267,65,100.64,5,1,0
CUST-04268,63,71.02,3,0,0
CUST-04269,54,117.74,2,4,1
CUST-04270,42,48.17,2,1,1
CUST-04271,21,68.07,1,1,1
CUST-04272,22,64.8,2,0,1
CUST-04273,38,32.08,9,2,1
CUST-04274,8,62.61,0,1,1
CUST-04275,62,48.76,2,2,1
CUST-04276,47,36.03,8,4,1
CUST-04277,17,48.22,3,2,1
CUST-04278,17,43.33,2,3,1
CUST-04279,13,93.41,7,2,1
CUST-04280,17,23.08,0,1,1
CUST-04281,38,81.75,4,2,1
CUST-04282,45,96.07,0,2,0
CUST-04283,6,68.07,6,3,1
CUST-04284,35,113.16,4,3,1
CUST-04285,14,90.79,1,0,1
CUST-04286,61,94.79,0,1,0
CUST-04287,15,39.69,6,0,1
CUST-04288,54,97.73,0,3,0
CUST-04289,27,103.21,2,2,1
CUST-04290,13,56.13,5,3,1
CUST-04291,31,41.34,5,4,1
CUST-04292,35,58.51,6,2,1
CUST-04293,60,93.96,0,0,0
CUST-04294,6,61.76,6,2,1
CUST-04295,69,93.67,1,4,0
CUST-04296,58,31.36,5,3,1
CUST-04297,49,100.6,7,1,1
CUST-04298,23,45.32,4,1,1
CUST-04299,34,44.89,9,1,1
CUST-04300,26,79.04,2,3,1
CUST-04301,47,27.01,7,1,1
CUST-04302,5,22.63,7,4,1
CUST-04303,20,46.1,3,3,1
CUST-04304,6,73.81,7,1,1
CUST-04305,70,110.76,4,0,0
CUST-04306,59,104.64,4,3,1
CUST-04307,64,69.04,2,3,1
CUST-04308,18,23.71,6,2,1
CUST-04309,4,73.53,8,1,1
CUST-04310,17,90.48,8,0,1
CUST-04311,14,53.92,0,4,1
CUST-04312,13,31.11,0,3,1
CUST-04313,7,47.86,9,4,1
CUST-04314,44,97.16,4,4,1
CUST-04315,15,55.12,0,4,1
CUST-04316,19,101.2,3,2,1
CUST-04317,63,51.95,0,4,1
CUST-04318,35,36.36,1,1,1
CUST-04319,35,63.58,1,1,1
CUST-04320,19,65.23,3,0,1
CUST-04321,20,21.61,7,0,1
CUST-04322,35,31.7,1,4,1
CUST-04323,32,38.49,8,4,1
CUST-04324,48,31.36,8,2,1
CUST-04325,44,54.15,1,4,1
CUST-04326,24,116.46,0,4,1
CUST-04327,61,70.92,9,4,1
CUST-04328,17,82.76,9,3,1
CUST-04329,71,55.64,8,3,1
CUST-04330,50,52.35,1,2,1
CUST-04331,65,22.31,7,2,1
CUST-04332,32,70.03,2,1,1
CUST-04333,36,68.36,0,2,1
CUST-04334,13,35.78,0,1,1
CUST-04335,70,96.43,9,4,1
CUST-04336,58,69.27,1,2,0
CUST-04337,14,53.9,6,2,1
CUST-04338,37,34.69,5,2,1
CUST-04339,68,75.22,1,1,0
CUST-04340,40,95.28,3,1,1
CUST-04341,59,48.2,1,0,0
CUST-04342,16,41.88,0,1,1
CUST-04343,62,72.19,2,1,0
CUST-04344,4,35.53,3,3,1
CUST-04345,45,86.66,9,2,1
CUST-04346,28,80.53,4,1,1
CUST-04347,66,28.71,4,2,1
CUST-04348,31,23.65,6,2,1
CUST-04349,3,82.03,9,3,1
CUST-04350,8,49.43,7,2,1
CUST-04351,24,28.64,8,1,1
CUST-04352,15,95.94,6,2,1
CUST-04353,43,51.4,4,0,1
CUST-04354,31,65.96,8,0,1
CUST-04355,45,43.68,7,3,1
CUST-04356,66,82.73,9,1,1
CUST-04357,8,50.15,8,3,1
CUST-04358,71,116.8,9,0,1
CUST-04359,57,90.29,7,1,1
CUST-04360,30,33.67,5,2,1
CUST-04361,18,61.67,3,1,1
CUST-04362,69,58.54,8,4,1
CUST-04363,39,73.42,8,1,1
CUST-04364,60,104.19,9,2,1
CUST-04365,43,78.34,9,4,1
CUST-04366,45,26.16,8,3,1
CUST-04367,23,85.54,9,1,1
CUST-04368,69,20.83,2,3,1
CUST-04369,6,98.0,2,1,1
CUST-04370,56,86.66,5,0,1
CUST-04371,4,50.88,5,0,1
CUST-04372,23,49.24,5,2,1
CUST-04373,6,99.83,4,0,1
CUST-04374,32,98.33,4,4,1
CUST-04375,18,55.23,1,4,1
CUST-04376,15,49.89,6,1,1
CUST-04377,40,75.98,3,3,1
CUST-04378,6,20.84,2,4,1
CUST-04379,63,28.27,7,1,1
CUST-04380,67,32.62,3,3,1
CUST-04381,11,38.54,3,0,1
CUST-04382,43,71.2,7,1,1
CUST-04383,17,119.22,0,3,1
CUST-04384,4,85.26,8,2,1
CUST-04385,63,26.13,6,2,1
CUST-04386,68,72.56,1,4,1
CUST-04387,41,69.66,5,3,1
CUST-04388,5,34.42,7,2,1
CUST-04389,32,112.03,4,4,1
CUST-04390,70,64.08,5,1,1
CUST-04391,35,119.46,9,1,1
CUST-04392,22,62.01,7,3,1
CUST-04393,65,80.8,5,3,1
CUST-04394,22,30.48,8,3,1
CUST-04395,11,65.42,8,3,1
CUST-04396,3,43.88,8,2,1
CUST-04397,9,103.56,5,2,1
CUST-04398,60,98.39,8,4,1
CUST-04399,14,102.42,2,2,1
CUST-04400,18,92.36,4,1,1
CUST-04401,23,103.27,1,4,1
CUST-04402,47,40.08,7,2,1
CUST-04403,69,65.2,3,3,1
CUST-04404,47,89.18,5,2,1
CUST-04405,30,83.74,5,0,1
CUST-04406,25,91.64,4,4,1
CUST-04407,28,42.43,0,2,1
CUST-04408,25,29.84,6,2,1
CUST-04409,58,111.68,9,1,1
CUST-04410,41,76.02,7,3,1
CUST-04411,25,35.38,0,3,1
CUST-04412,48,99.34,9,1,1
CUST-04413,10,111.49,6,1,1
CUST-04414,11,36.96,3,0,1
CUST-04415,21,101.74,5,4,1
CUST-04416,45,113.32,8,3,1
CUST-04417,7,113.84,4,1,1
CUST-04418,64,111.42,7,1,1
CUST-04419,64,74.64,4,4,1
CUST-04420,2,55.62,1,1,1
CUST-04421,42,20.73,3,0,1
CUST-04422,54,26.09,1,4,1
CUST-04423,16,62.88,6,0,1
CUST-04424,18,59.93,6,2,1
CUST-04425,59,38.47,2,3,1
CUST-04426,16,59.55,6,1,1
CUST-04427,6,37.47,0,4,1
CUST-04428,57,104.88,0,0,0
CUST-04429,47,49.82,8,3,1
CUST-04430,48,79.86,5,3,1
CUST-04431,42,70.28,4,1,1
CUST-04432,60,25.19,5,3,1
CUST-04433,4,114.22,5,1,1
CUST-04434,2,72.72,0,2,1
CUST-04435,59,52.51,4,1,1
CUST-04436,27,35.81,8,0,1
CUST-04437,27,53.85,3,3,1
CUST-04438,7,22.05,2,3,1
CUST-04439,63,56.36,0,3,0
CUST-04440,46,73.15,1,1,0
CUST-04441,63,107.19,2,4,1
CUST-04442,12,88.74,3,1,1
CUST-04443,13,31.16,6,0,1
CUST-04444,43,34.77,5,1,1
CUST-04445,17,62.81,7,3,1
CUST-04446,63,39.57,8,2,1
CUST-04447,36,22.78,5,0,1
CUST-04448,8,100.5,6,2,1
CUST-04449,69,21.95,3,0,0
CUST-04450,36,103.07,1,0,0
CUST-04451,28,34.41,8,3,1
CUST-04452,47,117.47,8,1,1
CUST-04453,30,80.39,3,3,1
CUST-04454,23,93.5,2,3,1
CUST-04455,16,31.05,9,3,1
CUST-04456,14,106.21,5,2,1
CUST-04457,71,103.92,2,0,0
CUST-04458,52,85.3,0,4,1
CUST-04459,37,70.23,3,1,1
CUST-04460,29,92.15,0,3,1
CUST-04461,67,20.59,1,0,0
CUST-04462,15,79.24,2,1,1
CUST-04463,47,104.74,7,4,1
CUST-04464,46,55.69,9,4,1
CUST-04465,52,30.83,3,3,1
CUST-04466,19,62.09,3,4,1
CUST-04467,21,92.71,9,4,1
CUST-04468,64,30.73,8,1,1
CUST-04469,37,40.6,6,1,1
CUST-04470,27,34.76,1,3,1
CUST-04471,55,99.69,2,0,0
CUST-04472,29,26.29,3,3,1
CUST-04473,20,88.66,3,2,1
CUST-04474,25,56.65,9,4,1
CUST-04475,70,95.58,7,0,1
CUST-04476,63,116.44,9,1,1
CUST-04477,36,31.45,9,2,1
CUST-04478,2,51.44,5,2,1
CUST-04479,22,101.01,2,4,1
CUST-04480,16,46.62,8,1,1
CUST-04481,18,41.51,9,0,1
CUST-04482,69,102.54,7,1,1
CUST-04483,54,118.71,8,4,1
CUST-04484,30,75.69,4,2,1
CUST-04485,45,47.8,2,4,1
CUST-04486,19,59.86,3,3,1
CUST-04487,34,37.01,4,2,1
CUST-04488,13,96.19,8,4,1
CUST-04489,43,97.35,8,0,1
CUST-04490,62,107.51,2,0,0
CUST-04491,22,22.66,6,0,1
CUST-04492,52,76.2,5,3,1
CUST-04493,52,41.43,3,1,1
CUST-04494,36,54.09,4,0,1
CUST-04495,19,98.5,9,3,1
CUST-04496,38,39.2,1,0,0
CUST-04497,70,83.83,6,3,1
CUST-04498,57,85.46,3,0,0
CUST-04499,20,115.41,1,1,1
CUST-04500,9,97.52,5,4,1
CUST-04501,32,100.36,1,0,0
CUST-04502,4,73.16,9,4,1
CUST-04503,50,38.68,1,0,0
CUST-04504,5,62.56,6,1,1
CUST-04505,20,74.95,0,4,1
CUST-04506,37,87.84,6,3,1
CUST-04507,22,80.77,9,0,1
CUST-04508,58,59.4,4,0,0
CUST-04509,68,46.53,0,3,0
CUST-04510,44,36.82,5,1,1
CUST-04511,34,89.38,6,2,1
CUST-04512,42,84.54,0,0,0
CUST-04513,9,88.74,8,3,1
CUST-04514,7,57.25,6,2,1
CUST-04515,68,46.24,0,0,0
CUST-04516,19,95.97,2,4,1
CUST-04517,31,97.36,4,3,1
CUST-04518,35,65.56,3,4,1
CUST-04519,57,81.19,1,1,0
CUST-04520,61,57.35,0,2,0
CUST-04521,31,90.19,3,3,1
CUST-04522,53,103.57,6,0,1
CUST-04523,32,88.82,3,0,1
CUST-04524,66,71.26,8,2,1
CUST-04525,59,65.87,7,4,1
CUST-04526,10,84.23,7,4,1
CUST-04527,2,87.98,4,3,1
CUST-04528,66,75.87,0,3,0
CUST-04529,60,82.49,8,4,1
CUST-04530,17,29.66,1,3,1
CUST-04531,16,115.18,5,4,1
CUST-04532,16,99.08,9,2,1
CUST-04533,46,57.39,4,3,1
CUST-04534,39,76.28,9,4,1
CUST-04535,31,24.73,7,3,1
CUST-04536,1,24.12,2,0,1
CUST-04537,11,45.08,5,0,1
CUST-04538,4,88.97,5,1,1
CUST-04539,71,105.21,9,4,1
CUST-04540,26,75.92,2,1,1
CUST-04541,50,73.21,6,4,1
CUST-04542,12,60.23,3,3,1
CUST-04543,65,36.16,4,4,1
CUST-04544,47,31.84,8,0,1
CUST-04545,53,96.07,5,3,1
CUST-04546,71,112.75,9,0,1
CUST-04547,2,65.83,3,3,1
CUST-04548,24,85.94,7,4,1
CUST-04549,4,111.45,8,4,1
CUST-04550,19,29.01,9,0,1
CUST-04551,26,97.05,4,2,1
CUST-04552,40,81.68,1,4,1
CUST-04553,50,79.86,5,2,1
CUST-04554,43,49.25,7,3,1
CUST-04555,67,88.39,4,2,1
CUST-04556,12,99.48,0,0,0
CUST-04557,67,31.29,7,1,1
CUST-04558,27,73.35,8,1,1
CUST-04559,54,30.13,0,0,0
CUST-04560,66,107.26,7,1,1
CUST-04561,49,70.76,9,0,1
CUST-04562,16,100.8,1,4,1
CUST-04563,2,56.81,3,2,1
CUST-04564,60,32.51,1,1,0
CUST-04565,54,24.15,1,4,1
CUST-04566,30,48.15,9,1,1
CUST-04567,38,44.42,2,3,1
CUST-04568,28,76.04,7,0,1
CUST-04569,25,22.17,3,0,1
CUST-04570,10,72.06,6,4,1
CUST-04571,60,59.18,9,3,1
CUST-04572,42,77.71,2,2,1
CUST-04573,40,90.24,9,3,1
CUST-04574,42,83.41,2,3,1
CUST-04575,47,118.46,1,2,0
CUST-04576,37,33.83,5,2,1
CUST-04577,22,62.97,5,3,1
CUST-04578,57,62.48,0,1,0
CUST-04579,27,61.71,6,1,1
CUST-04580,41,86.38,3,3,1
CUST-04581,34,68.98,2,1,1
CUST-04582,32,71.74,7,2,1
CUST-04583,66,63.24,1,2,0
CUST-04584,12,119.17,8,1,1
CUST-04585,40,112.76,7,2,1
CUST-04586,10,50.77,7,0,1
CUST-04587,48,31.16,2,2,1
CUST-04588,20,103.98,3,3,1
CUST-04589,39,119.72,1,4,1
CUST-04590,60,49.26,1,1,0
CUST-04591,66,55.78,3,1,0
CUST-04592,65,114.16,5,2,1
CUST-04593,51,91.11,4,2,1
CUST-04594,36,49.56,0,4,1
CUST-04595,24,78.1,9,4,1
CUST-04596,27,114.42,0,3,1
CUST-04597,2,101.18,5,0,1
CUST-04598,31,94.18,2,3,1
CUST-04599,57,93.7,2,1,0
CUST-04600,66,37.8,6,2,1
CUST-04601,29,102.47,0,3,1
CUST-04602,15,47.61,0,2,1
CUST-04603,12,113.04,9,2,1
CUST-04604,28,56.46,2,3,1
CUST-04605,24,105.77,7,3,1
CUST-04606,21,46.62,0,4,1
CUST-04607,10,71.45,9,0,1
CUST-04608,18,30.69,3,4,1
CUST-04609,14,86.01,8,0,1
CUST-04610,34,103.61,3,3,1
CUST-04611,58,91.84,9,0,1
CUST-04612,22,72.33,7,1,1
CUST-04613,70,24.51,6,4,1
CUST-04614,36,113.34,2,4,1
CUST-04615,45,90.55,6,4,1
CUST-04616,36,94.59,6,2,1
CUST-04617,22,99.47,9,2,1
CUST-04618,61,94.77,2,3,1
CUST-04619,56,64.11,1,3,1
CUST-04620,33,93.36,8,2,1
CUST-04621,45,82.5,0,4,1
CUST-04622,36,105.4,6,2,1
CUST-04623,20,100.25,3,0,1
CUST-04624,18,24.14,1,4,1
CUST-04625,38,57.89,1,2,1
CUST-04626,67,23.47,7,3,1
CUST-04627,23,30.21,6,2,1
CUST-04628,16,80.14,6,1,1
CUST-04629,59,107.38,4,2,1
CUST-04630,69,31.98,9,4,1
CUST-04631,68,65.11,7,2,1
CUST-04632,21,111.09,1,3,1
CUST-04633,70,101.43,1,0,0
CUST-04634,12,71.97,4,1,1
CUST-04635,16,97.16,0,4,1
CUST-04636,14,72.27,5,3,1
CUST-04637,61,35.81,3,1,1
CUST-04638,71,32.47,5,2,1
CUST-04639,46,38.84,6,1,1
CUST-04640,32,55.09,2,0,1
CUST-04641,15,113.05,7,1,1
CUST-04642,44,99.97,6,1,1
CUST-04643,17,63.28,0,2,1
CUST-04644,41,69.31,5,2,1
CUST-04645,54,46.56,6,4,1
CUST-04646,44,90.44,3,2,1
CUST-04647,5,100.28,1,1,1
CUST-04648,27,43.89,9,0,1
CUST-04649,43,24.18,8,2,1
CUST-04650,31,82.39,6,4,1
CUST-04651,17,76.25,0,4,1
CUST-04652,54,60.21,7,1,1
CUST-04653,62,84.39,2,2,0
CUST-04654,32,75.06,3,2,1
CUST-04655,40,45.06,4,4,1
CUST-04656,13,59.77,0,2,1
CUST-04657,35,62.81,5,1,1
CUST-04658,5,108.02,9,0,1
CUST-04659,29,116.09,5,1,1
CUST-04660,70,109.3,1,2,0
CUST-04661,25,91.92,9,1,1
CUST-04662,22,78.5,5,3,1
CUST-04663,66,88.93,7,3,1
CUST-04664,45,113.91,5,2,1
CUST-04665,69,45.0,3,2,1
CUST-04666,1,73.51,3,0,1
CUST-04667,44,88.96,8,1,1
CUST-04668,39,87.92,5,0,1
CUST-04669,54,45.23,7,2,1
CUST-04670,29,78.67,7,2,1
CUST-04671,54,99.59,6,4,1
CUST-04672,16,67.51,2,0,1
CUST-04673,20,99.33,9,2,1
CUST-04674,46,55.99,0,3,1
CUST-04675,67,113.88,4,4,1
CUST-04676,65,73.39,9,1,1
CUST-04677,58,79.59,9,4,1
CUST-04678,53,23.14,1,1,0
CUST-04679,1,37.03,9,3,1
CUST-04680,66,83.29,1,1,0
CUST-04681,29,61.99,6,0,1
CUST-04682,70,70.82,2,1,0
CUST-04683,8,26.3,7,1,1
CUST-04684,29,103.41,8,4,1
CUST-04685,51,98.45,7,3,1
CUST-04686,33,38.54,5,1,1
CUST-04687,3,83.43,4,0,1
CUST-04688,60,101.83,2,4,1
CUST-04689,35,84.09,2,3,1
CUST-04690,69,51.04,6,3,1
CUST-04691,20,85.61,4,2,1
CUST-04692,39,41.05,5,0,1
CUST-04693,4,51.83,5,4,1
CUST-04694,19,44.01,8,4,1
CUST-04695,45,75.69,0,0,0
CUST-04696,43,30.82,7,3,1
CUST-04697,13,113.33,9,1,1
CUST-04698,13,53.35,4,0,1
CUST-04699,60,41.9,5,4,1
CUST-04700,57,69.65,5,0,1
CUST-04701,52,47.7,0,3,1
CUST-04702,53,73.49,2,2,1
CUST-04703,43,54.85,5,2,1
CUST-04704,42,33.21,8,1,1
CUST-04705,26,46.59,5,1,1
CUST-04706,23,63.84,5,3,1
CUST-04707,43,23.03,0,1,0
CUST-04708,28,97.06,8,2,1
CUST-04709,9,82.18,3,3,1
CUST-04710,20,80.14,1,3,1
CUST-04711,56,74.6,0,3,0
CUST-04712,39,79.03,2,0,0
CUST-04713,51,113.47,2,1,0
CUST-04714,12,20.86,4,4,1
CUST-04715,55,24.78,0,2,0
CUST-04716,11,39.15,6,1,1
CUST-04717,26,36.73,0,2,1
CUST-04718,42,38.12,3,1,1
CUST-04719,27,87.19,5,4,1
CUST-04720,11,65.95,0,2,1
CUST-04721,38,119.18,6,4,1
CUST-04722,43,42.69,9,2,1
CUST-04723,19,51.08,6,0,1
CUST-04724,64,118.42,2,0,0
CUST-04725,6,103.18,3,2,1
CUST-04726,46,66.98,5,2,1
CUST-04727,42,75.46,6,4,1
CUST-04728,65,104.32,3,3,1
CUST-04729,59,68.1,9,2,1
CUST-04730,52,40.6,8,1,1
CUST-04731,47,102.84,8,1,1
CUST-04732,7,73.78,8,1,1
CUST-04733,11,35.3,9,0,1
CUST-04734,61,70.56,5,4,1
CUST-04735,68,61.32,1,0,0
CUST-04736,25,107.68,1,1,1
CUST-04737,12,32.61,3,2,1
CUST-04738,26,107.52,8,1,1
CUST-04739,12,71.22,2,2,1
CUST-04740,43,60.44,5,4,1
CUST-04741,51,36.2,1,3,1
CUST-04742,37,90.08,0,2,0
CUST-04743,46,112.68,4,0,0
CUST-04744,53,57.54,7,1,1
CUST-04745,13,44.16,9,1,1
CUST-04746,54,75.49,9,1,1
CUST-04747,57,99.62,1,2,0
CUST-04748,4,20.38,9,4,1
CUST-04749,49,83.14,8,2,1
CUST-04750,7,79.65,7,0,1
CUST-04751,11,51.82,2,1,1
CUST-04752,54,65.14,0,2,0
CUST-04753,45,44.7,3,1,1
CUST-04754,23,98.99,7,0,1
CUST-04755,28,83.45,2,3,1
CUST-04756,57,73.27,9,3,1
CUST-04757,26,59.25,1,3,1
CUST-04758,25,49.14,6,1,1
CUST-04759,54,102.27,3,2,1
CUST-04760,29,65.14,5,1,1
CUST-04761,36,70.14,4,4,1
CUST-04762,14,72.08,1,2,1
CUST-04763,35,64.84,9,0,1
CUST-04764,30,45.61,1,3,1
CUST-04765,17,32.03,8,2,1
CUST-04766,67,29.85,9,2,1
CUST-04767,30,95.75,1,3,1
CUST-04768,45,42.35,7,0,1
CUST-04769,51,25.57,7,1,1
CUST-04770,47,99.75,0,1,0
CUST-04771,53,35.41,0,2,0
CUST-04772,64,82.51,3,3,1
CUST-04773,38,53.86,1,4,1
CUST-04774,64,32.65,0,0,0
CUST-04775,7,61.45,8,1,1
CUST-04776,22,21.48,2,0,1
CUST-04777,41,104.1,0,0,0
CUST-04778,10,71.35,1,0,1
CUST-04779,57,33.92,7,3,1
CUST-04780,7,43.7,4,3,1
CUST-04781,50,64.8,6,3,1
CUST-04782,52,38.89,5,2,1
CUST-04783,33,46.86,0,3,1
CUST-04784,1,73.44,5,2,1
CUST-04785,53,103.26,6,1,1
CUST-04786,60,60.18,3,1,0
CUST-04787,34,91.7,7,1,1
CUST-04788,4,107.67,7,1,1
CUST-04789,17,41.63,6,1,1
CUST-04790,4,100.72,1,3,1
CUST-04791,43,95.74,5,4,1
CUST-04792,4,55.69,5,3,1
CUST-04793,1,118.95,6,4,1
CUST-04794,71,46.26,5,3,1
CUST-04795,50,45.48,1,1,0
CUST-04796,61,97.23,7,0,1
CUST-04797,35,63.47,3,4,1
CUST-04798,8,53.08,8,0,1
CUST-04799,24,37.87,7,1,1
CUST-04800,36,96.53,2,4,1
CUST-04801,50,98.63,2,0,0
CUST-04802,43,76.66,7,3,1
CUST-04803,27,115.73,1,1,0
CUST-04804,32,51.82,8,3,1
CUST-04805,18,41.96,3,3,1
CUST-04806,28,87.75,5,1,1
CUST-04807,29,95.84,2,4,1
CUST-04808,16,42.49,2,2,1
CUST-04809,47,27.66,2,2,1
CUST-04810,59,101.05,9,1,1
CUST-04811,31,117.65,1,2,1
CUST-04812,4,84.47,7,0,1
CUST-04813,37,47.79,8,4,1
CUST-04814,17,119.67,7,3,1
CUST-04815,39,109.33,9,3,1
CUST-04816,48,71.34,2,1,0
CUST-04817,46,102.53,6,3,1
CUST-04818,48,101.58,9,0,1
CUST-04819,39,113.48,1,0,0
CUST-04820,4,104.09,3,1,1
CUST-04821,30,84.37,5,3,1
CUST-04822,30,80.93,4,2,1
CUST-04823,22,66.74,8,2,1
CUST-04824,66,82.65,9,4,1
CUST-04825,12,99.52,3,1,1
CUST-04826,36,116.9,4,4,1
CUST-04827,18,66.73,3,2,1
CUST-04828,53,77.37,7,2,1
CUST-04829,71,64.48,7,2,1
CUST-04830,1,86.85,2,4,1
CUST-04831,58,82.99,0,1,0
CUST-04832,6,21.78,5,0,1
CUST-04833,70,74.12,1,0,0
CUST-04834,44,28.85,1,2,1
CUST-04835,24,22.64,2,1,1
CUST-04836,19,99.12,7,1,1
CUST-04837,18,45.86,2,3,1
CUST-04838,30,54.07,6,3,1
CUST-04839,42,26.41,9,4,1
CUST-04840,33,37.95,9,3,1
CUST-04841,12,96.56,8,4,1
CUST-04842,27,69.35,7,0,1
CUST-04843,39,108.07,0,2,0
CUST-04844,9,59.72,6,1,1
CUST-04845,21,46.87,6,0,1
CUST-04846,29,54.76,7,0,1
CUST-04847,33,91.28,9,4,1
CUST-04848,62,75.5,4,2,1
CUST-04849,15,110.42,9,4,1
CUST-04850,2,80.22,8,0,1
CUST-04851,52,69.3,8,1,1
CUST-04852,44,98.58,7,3,1
CUST-04853,54,114.75,5,4,1
CUST-04854,18,55.58,5,0,1
CUST-04855,3,44.99,0,3,1
CUST-04856,7,81.62,5,3,1
CUST-04857,43,69.89,3,0,1
CUST-04858,38,118.92,3,2,1
CUST-04859,37,66.24,1,0,0
CUST-04860,58,27.43,3,1,1
CUST-04861,33,117.74,4,3,1
CUST-04862,59,104.36,4,1,0
CUST-04863,11,37.83,4,4,1
CUST-04864,68,110.46,3,3,0
CUST-04865,68,54.07,0,2,0
CUST-04866,22,57.71,9,0,1
CUST-04867,66,110.64,7,4,1
CUST-04868,44,73.01,2,1,1
CUST-04869,6,33.78,1,4,1
CUST-04870,42,56.91,8,2,1
CUST-04871,25,92.21,6,0,1
CUST-04872,57,37.42,8,4,1
CUST-04873,55,79.02,1,1,0
CUST-04874,16,89.53,8,4,1
CUST-04875,14,54.39,9,0,1
CUST-04876,39,89.39,8,4,1
CUST-04877,28,108.42,8,1,1
CUST-04878,51,67.21,9,0,1
CUST-04879,49,58.29,9,2,1
CUST-04880,9,45.12,3,2,1
CUST-04881,58,80.42,9,3,1
CUST-04882,45,107.99,2,4,1
CUST-04883,22,52.47,5,1,1
CUST-04884,32,59.62,2,4,1
CUST-04885,69,60.66,8,0,1
CUST-04886,69,76.08,2,3,0
CUST-04887,42,42.84,1,1,1
CUST-04888,53,102.22,7,4,1
CUST-04889,59,49.56,5,1,1
CUST-04890,39,90.54,7,0,1
CUST-04891,15,71.32,6,3,1
CUST-04892,71,78.59,2,1,0
CUST-04893,29,37.96,7,0,1
CUST-04894,3,93.5,9,2,1
CUST-04895,10,38.86,0,1,1
CUST-04896,29,31.35,0,3,1
CUST-04897,35,74.67,9,1,1
CUST-04898,6,90.93,7,1,1
CUST-04899,12,25.0,8,0,1
CUST-04900,38,26.94,9,4,1
CUST-04901,19,100.27,5,4,1
CUST-04902,67,100.9,4,1,0
CUST-04903,8,44.53,1,3,1
CUST-04904,8,81.52,8,3,1
CUST-04905,47,64.32,5,0,1
CUST-04906,4,83.27,7,1,1
CUST-04907,51,106.29,8,1,1
CUST-04908,67,27.99,8,4,1
CUST-04909,45,97.8,7,0,1
CUST-04910,8,69.3,9,2,1
CUST-04911,16,76.41,7,3,1
CUST-04912,67,85.39,2,3,0
CUST-04913,9,112.26,2,1,1
CUST-04914,60,25.67,1,0,0
CUST-04915,71,22.95,0,2,0
CUST-04916,15,37.83,3,3,1
CUST-04917,71,118.64,1,0,0
CUST-04918,41,91.51,1,2,1
CUST-04919,22,81.46,4,1,1
CUST-04920,24,24.7,3,4,1
CUST-04921,44,107.91,0,3,0
CUST-04922,1,101.28,8,3,1
CUST-04923,10,86.48,3,2,1
CUST-04924,56,53.91,4,4,1
CUST-04925,50,27.05,6,0,1
CUST-04926,12,78.0,1,1,1
CUST-04927,60,91.97,7,0,1
CUST-04928,26,29.42,1,2,1
CUST-04929,41,83.38,9,3,1
CUST-04930,36,48.64,4,3,1
CUST-04931,23,96.42,1,0,0
CUST-04932,43,73.96,1,1,0
CUST-04933,6,32.9,3,2,1
CUST-04934,69,72.65,3,1,0
CUST-04935,43,59.57,7,2,1
CUST-04936,25,38.04,5,1,1
CUST-04937,18,104.15,9,0,1
CUST-04938,62,21.1,7,4,1
CUST-04939,13,51.21,6,2,1
CUST-04940,43,21.26,9,0,1
CUST-04941,28,29.6,3,3,1
CUST-04942,18,49.71,1,3,1
CUST-04943,59,25.43,8,1,1
CUST-04944,60,79.66,1,3,0
CUST-04945,63,28.69,0,4,1
CUST-04946,57,90.17,7,2,1
CUST-04947,51,25.26,9,1,1
CUST-04948,56,25.93,8,2,1
CUST-04949,27,50.53,0,2,1
CUST-04950,32,109.66,6,0,1
CUST-04951,9,84.14,1,3,1
CUST-04952,68,97.01,5,2,1
CUST-04953,46,34.16,4,4,1
CUST-04954,67,103.41,0,4,0
CUST-04955,26,20.81,1,3,1
CUST-04956,8,41.31,1,3,1
CUST-04957,6,81.61,9,1,1
CUST-04958,24,57.52,9,1,1
CUST-04959,48,118.42,5,1,1
CUST-04960,45,23.03,0,3,1
CUST-04961,13,119.86,3,2,1
CUST-04962,69,82.36,9,0,1
CUST-04963,25,75.87,4,1,1
CUST-04964,20,25.95,1,0,1
CUST-04965,66,47.33,1,4,1
CUST-04966,45,112.47,6,3,1
CUST-04967,47,55.42,6,4,1
CUST-04968,63,86.17,5,1,1
CUST-04969,55,119.95,0,2,0
CUST-04970,19,46.31,2,1,1
CUST-04971,35,77.61,8,0,1
CUST-04972,53,89.64,9,1,1
CUST-04973,26,36.46,0,2,1
CUST-04974,14,34.87,1,2,1
CUST-04975,45,65.63,7,3,1
CUST-04976,44,58.58,6,3,1
CUST-04977,65,91.42,8,2,1
CUST-04978,51,26.95,9,2,1
CUST-04979,43,117.22,3,0,0
CUST-04980,23,21.43,3,1,1
CUST-04981,56,80.13,6,3,1
CUST-04982,19,76.26,0,0,0
CUST-04983,55,33.47,9,1,1
CUST-04984,60,35.09,8,3,1
CUST-04985,59,99.27,1,0,0
CUST-04986,33,108.76,0,4,1
CUST-04987,19,48.3,6,4,1
CUST-04988,28,63.8,5,3,1
CUST-04989,52,55.5,2,0,0
CUST-04990,49,27.25,0,1,0
CUST-04991,37,87.32,4,1,1
CUST-04992,26,102.52,9,0,1
CUST-04993,40,50.49,3,4,1
CUST-04994,38,119.02,4,0,1
CUST-04995,54,27.59,0,4,1
CUST-04996,22,86.18,0,4,1
CUST-04997,16,64.82,4,1,1
CUST-04998,28,64.66,5,3,1
CUST-04999,35,65.76,4,2,1
CUST-05000,60,45.87,1,0,0
